index,k__Fungi;p__Ascomycota;c__Saccharomycetes;o__Saccharomycetales;f__Saccharomycetaceae;g__Saccharomyces;s__Saccharomyces_cerevisiae,k__Fungi;p__Ascomycota;c__Saccharomycetes;o__Saccharomycetales;f__Debaryomycetaceae;__;__,k__Fungi;p__Ascomycota;c__Saccharomycetes;o__Saccharomycetales;f__Saccharomycetales_fam_Incertae_sedis;__;__,k__Fungi;p__Ascomycota;c__Saccharomycetes;o__Saccharomycetales;f__Saccharomycetales_fam_Incertae_sedis;g__Candida;__,Unassigned;__;__;__;__;__;__,k__Fungi;p__Ascomycota;c__Saccharomycetes;o__Saccharomycetales;f__Phaffomycetaceae;g__Wickerhamomyces;s__Wickerhamomyces_anomalus,k__Fungi;p__Basidiomycota;c__Malasseziomycetes;o__Malasseziales;f__Malasseziaceae;g__Malassezia;__,k__Fungi;p__Ascomycota;c__Saccharomycetes;o__Saccharomycetales;__;__;__,k__Fungi;p__Ascomycota;c__Saccharomycetes;o__Saccharomycetales;f__Debaryomycetaceae;g__Meyerozyma;s__Meyerozyma_carpophila,k__Fungi;p__Basidiomycota;c__Malasseziomycetes;o__Malasseziales;f__Malasseziaceae;g__Malassezia;s__Malassezia_sp,k__Fungi;p__Ascomycota;c__Leotiomycetes;o__Thelebolales;f__Pseudeurotiaceae;g__Geomyces;s__Geomyces_sp,k__Fungi;p__Ascomycota;c__Saccharomycetes;o__Saccharomycetales;f__Debaryomycetaceae;g__Meyerozyma;__,k__Fungi;p__Basidiomycota;c__Malasseziomycetes;o__Malasseziales;f__Malasseziaceae;g__Malassezia;s__Malassezia_restricta,k__Fungi;p__Ascomycota;c__Eurotiomycetes;o__Eurotiales;f__Aspergillaceae;__;__,k__Fungi;__;__;__;__;__;__,k__Fungi;p__Basidiomycota;c__Agaricomycetes;o__Hymenochaetales;f__Hymenochaetaceae;g__Hymenochaetopsis;__,k__Fungi;p__Ascomycota;c__Eurotiomycetes;o__Eurotiales;f__Trichocomaceae;g__Trichocomaceae_gen_Incertae_sedis;s__Trichocomaceae_sp,k__Fungi;p__Fungi_phy_Incertae_sedis;c__Fungi_cls_Incertae_sedis;o__Fungi_ord_Incertae_sedis;f__Fungi_fam_Incertae_sedis;g__Fungi_gen_Incertae_sedis;s__Fungi_sp,k__Fungi;p__Ascomycota;c__Eurotiomycetes;o__Eurotiales;f__Aspergillaceae;g__Penicillium;__,k__Fungi;p__Basidiomycota;c__Agaricomycetes;o__Agaricales;f__Strophariaceae;__;__,k__Fungi;p__Ascomycota;c__Saccharomycetes;o__Saccharomycetales;f__Saccharomycetaceae;g__Torulaspora;__,k__Fungi;p__Ascomycota;__;__;__;__;__,k__Fungi;p__Ascomycota;c__Saccharomycetes;o__Saccharomycetales;f__Saccharomycodaceae;g__Hanseniaspora;s__Hanseniaspora_uvarum,k__Fungi;p__Ascomycota;c__Dothideomycetes;o__Pleosporales;f__Phaeosphaeriaceae;g__Phaeosphaeriaceae_gen_Incertae_sedis;s__Phaeosphaeriaceae_sp,k__Fungi;p__Ascomycota;c__Saccharomycetes;o__Saccharomycetales;f__Saccharomycetaceae;g__Ogataea;__,k__Fungi;p__Basidiomycota;c__Agaricomycetes;o__Agaricales;f__Tricholomataceae;g__Baeospora;s__Baeospora_myosura,k__Fungi;p__Ascomycota;c__Saccharomycetes;o__Saccharomycetales;f__Saccharomycetales_fam_Incertae_sedis;g__Candida;s__Candida_boidinii,k__Fungi;p__Ascomycota;c__Dothideomycetes;o__Pleosporales;__;__;__,k__Fungi;p__Ascomycota;c__Sordariomycetes;o__Hypocreales;f__Hypocreaceae;g__Trichoderma;__,k__Fungi;p__Basidiomycota;c__Pucciniomycetes;o__Pucciniales;f__Melampsoraceae;g__Melampsora;__,k__Fungi;p__Basidiomycota;c__Agaricomycetes;o__Polyporales;__;__;__,sample_link,type,type_of_data,target,sequencing_technique,published_date,publication,publication_link,dataset_link_1,dataset_link_2,beer,country,brewery,beer_id
SRR13182362,0.0,13.0,0.0,0.0,0.0,0.0,0.0,0.0,0.0,0.0,0.0,0.0,0.0,0.0,0.0,0.0,0.0,0.0,0.0,0.0,0.0,0.0,0.0,0.0,0.0,0.0,0.0,0.0,0.0,0.0,0.0,https://www.ebi.ac.uk/ena/browser/view/SRR13182362,Beer,Amplicon,ITS,Illumina,February 2021,Description of the temporal dynamics in microbial community composition and beer chemistry in sour beer production via barrel ageing of finished beers,https://pubmed.ncbi.nlm.nih.gov/33387813/,ftp.sra.ebi.ac.uk/vol1/fastq/SRR131/062/SRR13182362/SRR13182362_1.fastq.gz,ftp.sra.ebi.ac.uk/vol1/fastq/SRR131/062/SRR13182362/SRR13182362_2.fastq.gz,Stout Beer (9.64%),Belgium,unkown,A33
SRR13182363,0.0,23.0,0.0,0.0,0.0,0.0,0.0,0.0,0.0,0.0,0.0,0.0,0.0,0.0,0.0,0.0,0.0,0.0,0.0,0.0,0.0,0.0,0.0,0.0,0.0,0.0,0.0,0.0,0.0,0.0,0.0,https://www.ebi.ac.uk/ena/browser/view/SRR13182363,Beer,Amplicon,ITS,Illumina,February 2021,Description of the temporal dynamics in microbial community composition and beer chemistry in sour beer production via barrel ageing of finished beers,https://pubmed.ncbi.nlm.nih.gov/33387813/,ftp.sra.ebi.ac.uk/vol1/fastq/SRR131/063/SRR13182363/SRR13182363_1.fastq.gz,ftp.sra.ebi.ac.uk/vol1/fastq/SRR131/063/SRR13182363/SRR13182363_2.fastq.gz,Stout Beer (9.64%),Belgium,unkown,A32
SRR13182364,0.0,0.0,0.0,0.0,0.0,0.0,0.0,0.0,0.0,0.0,0.0,0.0,0.0,0.0,0.0,0.0,0.0,0.0,0.0,0.0,0.0,0.0,0.0,0.0,0.0,0.0,0.0,0.0,0.0,0.0,0.0,https://www.ebi.ac.uk/ena/browser/view/SRR13182364,Beer,Amplicon,ITS,Illumina,February 2021,Description of the temporal dynamics in microbial community composition and beer chemistry in sour beer production via barrel ageing of finished beers,https://pubmed.ncbi.nlm.nih.gov/33387813/,ftp.sra.ebi.ac.uk/vol1/fastq/SRR131/064/SRR13182364/SRR13182364_1.fastq.gz,ftp.sra.ebi.ac.uk/vol1/fastq/SRR131/064/SRR13182364/SRR13182364_2.fastq.gz,Stout Beer (9.64%),Belgium,unkown,A31
SRR13182365,0.0,0.0,0.0,0.0,0.0,0.0,0.0,0.0,0.0,0.0,0.0,0.0,0.0,0.0,0.0,0.0,0.0,0.0,0.0,0.0,0.0,0.0,0.0,0.0,0.0,0.0,0.0,0.0,0.0,0.0,0.0,https://www.ebi.ac.uk/ena/browser/view/SRR13182365,Beer,Amplicon,ITS,Illumina,February 2021,Description of the temporal dynamics in microbial community composition and beer chemistry in sour beer production via barrel ageing of finished beers,https://pubmed.ncbi.nlm.nih.gov/33387813/,ftp.sra.ebi.ac.uk/vol1/fastq/SRR131/065/SRR13182365/SRR13182365_1.fastq.gz,ftp.sra.ebi.ac.uk/vol1/fastq/SRR131/065/SRR13182365/SRR13182365_2.fastq.gz,Stout Beer (9.64%),Belgium,unkown,A12
SRR13182366,0.0,2463.0,0.0,0.0,0.0,0.0,0.0,0.0,0.0,0.0,0.0,0.0,0.0,0.0,0.0,0.0,0.0,0.0,0.0,0.0,0.0,0.0,0.0,0.0,0.0,0.0,0.0,0.0,0.0,0.0,0.0,https://www.ebi.ac.uk/ena/browser/view/SRR13182366,Beer,Amplicon,ITS,Illumina,February 2021,Description of the temporal dynamics in microbial community composition and beer chemistry in sour beer production via barrel ageing of finished beers,https://pubmed.ncbi.nlm.nih.gov/33387813/,ftp.sra.ebi.ac.uk/vol1/fastq/SRR131/066/SRR13182366/SRR13182366_1.fastq.gz,ftp.sra.ebi.ac.uk/vol1/fastq/SRR131/066/SRR13182366/SRR13182366_2.fastq.gz,Blond Beer (3.12%),Belgium,unkown,P66
SRR13182367,0.0,12189.0,0.0,0.0,0.0,0.0,0.0,0.0,0.0,0.0,0.0,0.0,0.0,0.0,0.0,0.0,0.0,0.0,0.0,0.0,0.0,0.0,0.0,0.0,0.0,0.0,0.0,0.0,0.0,0.0,0.0,https://www.ebi.ac.uk/ena/browser/view/SRR13182367,Beer,Amplicon,ITS,Illumina,February 2021,Description of the temporal dynamics in microbial community composition and beer chemistry in sour beer production via barrel ageing of finished beers,https://pubmed.ncbi.nlm.nih.gov/33387813/,ftp.sra.ebi.ac.uk/vol1/fastq/SRR131/067/SRR13182367/SRR13182367_1.fastq.gz,ftp.sra.ebi.ac.uk/vol1/fastq/SRR131/067/SRR13182367/SRR13182367_2.fastq.gz,Blond Beer (3.12%),Belgium,unkown,P65
SRR13182368,0.0,7940.0,0.0,0.0,119.0,0.0,0.0,0.0,0.0,0.0,0.0,0.0,0.0,0.0,0.0,0.0,0.0,0.0,0.0,0.0,0.0,0.0,0.0,0.0,0.0,0.0,0.0,0.0,0.0,0.0,0.0,https://www.ebi.ac.uk/ena/browser/view/SRR13182368,Beer,Amplicon,ITS,Illumina,February 2021,Description of the temporal dynamics in microbial community composition and beer chemistry in sour beer production via barrel ageing of finished beers,https://pubmed.ncbi.nlm.nih.gov/33387813/,ftp.sra.ebi.ac.uk/vol1/fastq/SRR131/068/SRR13182368/SRR13182368_1.fastq.gz,ftp.sra.ebi.ac.uk/vol1/fastq/SRR131/068/SRR13182368/SRR13182368_2.fastq.gz,Blond Beer (3.12%),Belgium,unkown,P64
SRR13182369,0.0,2640.0,70.0,0.0,421.0,16.0,25.0,0.0,0.0,0.0,0.0,0.0,0.0,8.0,0.0,0.0,0.0,0.0,0.0,0.0,0.0,0.0,0.0,0.0,0.0,0.0,0.0,0.0,0.0,0.0,0.0,https://www.ebi.ac.uk/ena/browser/view/SRR13182369,Beer,Amplicon,ITS,Illumina,February 2021,Description of the temporal dynamics in microbial community composition and beer chemistry in sour beer production via barrel ageing of finished beers,https://pubmed.ncbi.nlm.nih.gov/33387813/,ftp.sra.ebi.ac.uk/vol1/fastq/SRR131/069/SRR13182369/SRR13182369_1.fastq.gz,ftp.sra.ebi.ac.uk/vol1/fastq/SRR131/069/SRR13182369/SRR13182369_2.fastq.gz,Blond Beer (3.12%),Belgium,unkown,P63
SRR13182370,0.0,798.0,0.0,0.0,0.0,0.0,0.0,0.0,0.0,0.0,0.0,0.0,0.0,0.0,0.0,0.0,0.0,0.0,0.0,0.0,0.0,0.0,0.0,0.0,0.0,0.0,0.0,0.0,0.0,0.0,0.0,https://www.ebi.ac.uk/ena/browser/view/SRR13182370,Beer,Amplicon,ITS,Illumina,February 2021,Description of the temporal dynamics in microbial community composition and beer chemistry in sour beer production via barrel ageing of finished beers,https://pubmed.ncbi.nlm.nih.gov/33387813/,ftp.sra.ebi.ac.uk/vol1/fastq/SRR131/070/SRR13182370/SRR13182370_1.fastq.gz,ftp.sra.ebi.ac.uk/vol1/fastq/SRR131/070/SRR13182370/SRR13182370_2.fastq.gz,Blond Beer (3.12%),Belgium,unkown,P62
SRR13182371,0.0,5958.0,0.0,0.0,174.0,0.0,13.0,0.0,0.0,0.0,0.0,0.0,0.0,0.0,0.0,0.0,0.0,0.0,0.0,0.0,0.0,0.0,0.0,0.0,0.0,0.0,0.0,0.0,0.0,0.0,0.0,https://www.ebi.ac.uk/ena/browser/view/SRR13182371,Beer,Amplicon,ITS,Illumina,February 2021,Description of the temporal dynamics in microbial community composition and beer chemistry in sour beer production via barrel ageing of finished beers,https://pubmed.ncbi.nlm.nih.gov/33387813/,ftp.sra.ebi.ac.uk/vol1/fastq/SRR131/071/SRR13182371/SRR13182371_1.fastq.gz,ftp.sra.ebi.ac.uk/vol1/fastq/SRR131/071/SRR13182371/SRR13182371_2.fastq.gz,Blond Beer (3.12%),Belgium,unkown,P61
SRR13182372,0.0,588.0,33.0,0.0,119.0,0.0,0.0,0.0,0.0,0.0,0.0,0.0,0.0,0.0,0.0,0.0,0.0,0.0,0.0,0.0,0.0,0.0,0.0,0.0,0.0,0.0,0.0,0.0,0.0,0.0,0.0,https://www.ebi.ac.uk/ena/browser/view/SRR13182372,Beer,Amplicon,ITS,Illumina,February 2021,Description of the temporal dynamics in microbial community composition and beer chemistry in sour beer production via barrel ageing of finished beers,https://pubmed.ncbi.nlm.nih.gov/33387813/,ftp.sra.ebi.ac.uk/vol1/fastq/SRR131/072/SRR13182372/SRR13182372_1.fastq.gz,ftp.sra.ebi.ac.uk/vol1/fastq/SRR131/072/SRR13182372/SRR13182372_2.fastq.gz,Blond Beer (3.12%),Belgium,unkown,P36
SRR13182373,0.0,52.0,0.0,0.0,0.0,0.0,0.0,0.0,0.0,0.0,0.0,0.0,0.0,0.0,0.0,0.0,0.0,0.0,0.0,0.0,0.0,0.0,0.0,0.0,0.0,0.0,0.0,0.0,0.0,0.0,0.0,https://www.ebi.ac.uk/ena/browser/view/SRR13182373,Beer,Amplicon,ITS,Illumina,February 2021,Description of the temporal dynamics in microbial community composition and beer chemistry in sour beer production via barrel ageing of finished beers,https://pubmed.ncbi.nlm.nih.gov/33387813/,ftp.sra.ebi.ac.uk/vol1/fastq/SRR131/073/SRR13182373/SRR13182373_1.fastq.gz,ftp.sra.ebi.ac.uk/vol1/fastq/SRR131/073/SRR13182373/SRR13182373_2.fastq.gz,Stout Beer (9.64%),Belgium,unkown,A11
SRR13182374,0.0,320.0,63.0,0.0,9.0,0.0,0.0,0.0,0.0,150.0,0.0,0.0,0.0,0.0,0.0,0.0,0.0,0.0,0.0,0.0,0.0,0.0,0.0,0.0,0.0,0.0,0.0,18.0,0.0,0.0,0.0,https://www.ebi.ac.uk/ena/browser/view/SRR13182374,Beer,Amplicon,ITS,Illumina,February 2021,Description of the temporal dynamics in microbial community composition and beer chemistry in sour beer production via barrel ageing of finished beers,https://pubmed.ncbi.nlm.nih.gov/33387813/,ftp.sra.ebi.ac.uk/vol1/fastq/SRR131/074/SRR13182374/SRR13182374_1.fastq.gz,ftp.sra.ebi.ac.uk/vol1/fastq/SRR131/074/SRR13182374/SRR13182374_2.fastq.gz,Blond Beer (3.12%),Belgium,unkown,P35
SRR13182375,0.0,0.0,0.0,0.0,0.0,0.0,0.0,0.0,0.0,0.0,0.0,0.0,0.0,0.0,0.0,0.0,0.0,0.0,0.0,0.0,0.0,0.0,0.0,0.0,0.0,0.0,0.0,0.0,0.0,0.0,0.0,https://www.ebi.ac.uk/ena/browser/view/SRR13182375,Beer,Amplicon,ITS,Illumina,February 2021,Description of the temporal dynamics in microbial community composition and beer chemistry in sour beer production via barrel ageing of finished beers,https://pubmed.ncbi.nlm.nih.gov/33387813/,ftp.sra.ebi.ac.uk/vol1/fastq/SRR131/075/SRR13182375/SRR13182375_1.fastq.gz,ftp.sra.ebi.ac.uk/vol1/fastq/SRR131/075/SRR13182375/SRR13182375_2.fastq.gz,Blond Beer (3.12%),Belgium,unkown,P34
SRR13182376,0.0,12.0,43.0,0.0,0.0,0.0,0.0,0.0,0.0,0.0,0.0,0.0,0.0,0.0,0.0,0.0,0.0,0.0,0.0,0.0,0.0,0.0,0.0,0.0,0.0,0.0,0.0,0.0,0.0,0.0,0.0,https://www.ebi.ac.uk/ena/browser/view/SRR13182376,Beer,Amplicon,ITS,Illumina,February 2021,Description of the temporal dynamics in microbial community composition and beer chemistry in sour beer production via barrel ageing of finished beers,https://pubmed.ncbi.nlm.nih.gov/33387813/,ftp.sra.ebi.ac.uk/vol1/fastq/SRR131/076/SRR13182376/SRR13182376_1.fastq.gz,ftp.sra.ebi.ac.uk/vol1/fastq/SRR131/076/SRR13182376/SRR13182376_2.fastq.gz,Blond Beer (3.12%),Belgium,unkown,P33
SRR13182377,0.0,244.0,0.0,0.0,91.0,0.0,0.0,0.0,0.0,0.0,0.0,0.0,0.0,0.0,0.0,0.0,0.0,0.0,0.0,0.0,0.0,0.0,0.0,0.0,0.0,0.0,0.0,0.0,0.0,0.0,0.0,https://www.ebi.ac.uk/ena/browser/view/SRR13182377,Beer,Amplicon,ITS,Illumina,February 2021,Description of the temporal dynamics in microbial community composition and beer chemistry in sour beer production via barrel ageing of finished beers,https://pubmed.ncbi.nlm.nih.gov/33387813/,ftp.sra.ebi.ac.uk/vol1/fastq/SRR131/077/SRR13182377/SRR13182377_1.fastq.gz,ftp.sra.ebi.ac.uk/vol1/fastq/SRR131/077/SRR13182377/SRR13182377_2.fastq.gz,Blond Beer (3.12%),Belgium,unkown,P32
SRR13182378,0.0,0.0,42.0,0.0,70.0,0.0,0.0,0.0,0.0,0.0,0.0,0.0,0.0,0.0,0.0,0.0,0.0,0.0,0.0,0.0,0.0,0.0,0.0,0.0,0.0,0.0,0.0,0.0,0.0,0.0,0.0,https://www.ebi.ac.uk/ena/browser/view/SRR13182378,Beer,Amplicon,ITS,Illumina,February 2021,Description of the temporal dynamics in microbial community composition and beer chemistry in sour beer production via barrel ageing of finished beers,https://pubmed.ncbi.nlm.nih.gov/33387813/,ftp.sra.ebi.ac.uk/vol1/fastq/SRR131/078/SRR13182378/SRR13182378_1.fastq.gz,ftp.sra.ebi.ac.uk/vol1/fastq/SRR131/078/SRR13182378/SRR13182378_2.fastq.gz,Blond Beer (3.12%),Belgium,unkown,P31
SRR13182379,0.0,1536.0,0.0,0.0,4.0,0.0,31.0,0.0,0.0,0.0,0.0,0.0,0.0,0.0,0.0,0.0,0.0,0.0,0.0,0.0,0.0,0.0,0.0,0.0,0.0,0.0,0.0,0.0,0.0,0.0,0.0,https://www.ebi.ac.uk/ena/browser/view/SRR13182379,Beer,Amplicon,ITS,Illumina,February 2021,Description of the temporal dynamics in microbial community composition and beer chemistry in sour beer production via barrel ageing of finished beers,https://pubmed.ncbi.nlm.nih.gov/33387813/,ftp.sra.ebi.ac.uk/vol1/fastq/SRR131/079/SRR13182379/SRR13182379_1.fastq.gz,ftp.sra.ebi.ac.uk/vol1/fastq/SRR131/079/SRR13182379/SRR13182379_2.fastq.gz,Blond Beer (3.12%),Belgium,unkown,P12
SRR13182380,0.0,827.0,0.0,0.0,19.0,0.0,0.0,0.0,0.0,0.0,0.0,0.0,0.0,0.0,0.0,0.0,0.0,0.0,0.0,0.0,0.0,0.0,0.0,0.0,0.0,0.0,0.0,0.0,0.0,0.0,0.0,https://www.ebi.ac.uk/ena/browser/view/SRR13182380,Beer,Amplicon,ITS,Illumina,February 2021,Description of the temporal dynamics in microbial community composition and beer chemistry in sour beer production via barrel ageing of finished beers,https://pubmed.ncbi.nlm.nih.gov/33387813/,ftp.sra.ebi.ac.uk/vol1/fastq/SRR131/080/SRR13182380/SRR13182380_1.fastq.gz,ftp.sra.ebi.ac.uk/vol1/fastq/SRR131/080/SRR13182380/SRR13182380_2.fastq.gz,Blond Beer (3.12%),Belgium,unkown,P11
SRR13182381,0.0,239.0,0.0,0.0,0.0,0.0,0.0,0.0,0.0,0.0,0.0,0.0,0.0,0.0,0.0,0.0,0.0,0.0,0.0,0.0,0.0,0.0,0.0,0.0,0.0,0.0,0.0,0.0,0.0,0.0,0.0,https://www.ebi.ac.uk/ena/browser/view/SRR13182381,Beer,Amplicon,ITS,Illumina,February 2021,Description of the temporal dynamics in microbial community composition and beer chemistry in sour beer production via barrel ageing of finished beers,https://pubmed.ncbi.nlm.nih.gov/33387813/,ftp.sra.ebi.ac.uk/vol1/fastq/SRR131/081/SRR13182381/SRR13182381_1.fastq.gz,ftp.sra.ebi.ac.uk/vol1/fastq/SRR131/081/SRR13182381/SRR13182381_2.fastq.gz,Blond Beer (3.12%),Belgium,unkown,P10
SRR13182382,0.0,0.0,0.0,0.0,0.0,0.0,0.0,0.0,0.0,0.0,0.0,0.0,0.0,0.0,0.0,0.0,0.0,0.0,0.0,0.0,0.0,0.0,0.0,0.0,0.0,0.0,0.0,0.0,0.0,0.0,0.0,https://www.ebi.ac.uk/ena/browser/view/SRR13182382,Beer,Amplicon,ITS,Illumina,February 2021,Description of the temporal dynamics in microbial community composition and beer chemistry in sour beer production via barrel ageing of finished beers,https://pubmed.ncbi.nlm.nih.gov/33387813/,ftp.sra.ebi.ac.uk/vol1/fastq/SRR131/082/SRR13182382/SRR13182382_1.fastq.gz,ftp.sra.ebi.ac.uk/vol1/fastq/SRR131/082/SRR13182382/SRR13182382_2.fastq.gz,Blond Beer (3.12%),Belgium,unkown,P9
SRR13182383,0.0,0.0,0.0,0.0,0.0,0.0,0.0,0.0,0.0,0.0,0.0,0.0,0.0,0.0,0.0,0.0,0.0,0.0,0.0,0.0,0.0,0.0,0.0,0.0,0.0,0.0,0.0,0.0,0.0,0.0,0.0,https://www.ebi.ac.uk/ena/browser/view/SRR13182383,Beer,Amplicon,ITS,Illumina,February 2021,Description of the temporal dynamics in microbial community composition and beer chemistry in sour beer production via barrel ageing of finished beers,https://pubmed.ncbi.nlm.nih.gov/33387813/,ftp.sra.ebi.ac.uk/vol1/fastq/SRR131/083/SRR13182383/SRR13182383_1.fastq.gz,ftp.sra.ebi.ac.uk/vol1/fastq/SRR131/083/SRR13182383/SRR13182383_2.fastq.gz,Blond Beer (3.12%),Belgium,unkown,P8
SRR13182384,0.0,85.0,0.0,0.0,0.0,0.0,14.0,0.0,0.0,0.0,0.0,0.0,0.0,0.0,0.0,0.0,0.0,0.0,0.0,0.0,0.0,0.0,0.0,0.0,0.0,0.0,0.0,0.0,0.0,0.0,0.0,https://www.ebi.ac.uk/ena/browser/view/SRR13182384,Beer,Amplicon,ITS,Illumina,February 2021,Description of the temporal dynamics in microbial community composition and beer chemistry in sour beer production via barrel ageing of finished beers,https://pubmed.ncbi.nlm.nih.gov/33387813/,ftp.sra.ebi.ac.uk/vol1/fastq/SRR131/084/SRR13182384/SRR13182384_1.fastq.gz,ftp.sra.ebi.ac.uk/vol1/fastq/SRR131/084/SRR13182384/SRR13182384_2.fastq.gz,Stout Beer (9.64%),Belgium,unkown,A10
SRR13182385,0.0,0.0,14.0,0.0,0.0,18.0,23.0,0.0,0.0,0.0,0.0,0.0,4.0,0.0,0.0,0.0,0.0,0.0,0.0,0.0,0.0,0.0,0.0,0.0,0.0,0.0,0.0,0.0,0.0,0.0,0.0,https://www.ebi.ac.uk/ena/browser/view/SRR13182385,Beer,Amplicon,ITS,Illumina,February 2021,Description of the temporal dynamics in microbial community composition and beer chemistry in sour beer production via barrel ageing of finished beers,https://pubmed.ncbi.nlm.nih.gov/33387813/,ftp.sra.ebi.ac.uk/vol1/fastq/SRR131/085/SRR13182385/SRR13182385_1.fastq.gz,ftp.sra.ebi.ac.uk/vol1/fastq/SRR131/085/SRR13182385/SRR13182385_2.fastq.gz,Blond Beer (3.12%),Belgium,unkown,P7
SRR13182386,0.0,0.0,0.0,0.0,0.0,0.0,16.0,0.0,0.0,0.0,0.0,0.0,0.0,0.0,0.0,0.0,0.0,0.0,0.0,0.0,0.0,0.0,0.0,0.0,0.0,0.0,0.0,0.0,0.0,0.0,0.0,https://www.ebi.ac.uk/ena/browser/view/SRR13182386,Beer,Amplicon,ITS,Illumina,February 2021,Description of the temporal dynamics in microbial community composition and beer chemistry in sour beer production via barrel ageing of finished beers,https://pubmed.ncbi.nlm.nih.gov/33387813/,ftp.sra.ebi.ac.uk/vol1/fastq/SRR131/086/SRR13182386/SRR13182386_1.fastq.gz,ftp.sra.ebi.ac.uk/vol1/fastq/SRR131/086/SRR13182386/SRR13182386_2.fastq.gz,Blond Beer (3.12%),Belgium,unkown,P01
SRR13182387,0.0,0.0,0.0,0.0,0.0,0.0,0.0,0.0,0.0,0.0,0.0,0.0,0.0,0.0,0.0,0.0,0.0,0.0,0.0,0.0,0.0,0.0,0.0,0.0,0.0,0.0,0.0,0.0,0.0,0.0,0.0,https://www.ebi.ac.uk/ena/browser/view/SRR13182387,Beer,Amplicon,ITS,Illumina,February 2021,Description of the temporal dynamics in microbial community composition and beer chemistry in sour beer production via barrel ageing of finished beers,https://pubmed.ncbi.nlm.nih.gov/33387813/,ftp.sra.ebi.ac.uk/vol1/fastq/SRR131/087/SRR13182387/SRR13182387_1.fastq.gz,ftp.sra.ebi.ac.uk/vol1/fastq/SRR131/087/SRR13182387/SRR13182387_2.fastq.gz,Blond Beer (8.88%),Belgium,unkown,O66
SRR13182388,0.0,0.0,0.0,0.0,91.0,45.0,22.0,0.0,0.0,0.0,0.0,0.0,0.0,69.0,0.0,0.0,0.0,0.0,0.0,0.0,0.0,0.0,0.0,0.0,0.0,0.0,0.0,0.0,0.0,0.0,0.0,https://www.ebi.ac.uk/ena/browser/view/SRR13182388,Beer,Amplicon,ITS,Illumina,February 2021,Description of the temporal dynamics in microbial community composition and beer chemistry in sour beer production via barrel ageing of finished beers,https://pubmed.ncbi.nlm.nih.gov/33387813/,ftp.sra.ebi.ac.uk/vol1/fastq/SRR131/088/SRR13182388/SRR13182388_1.fastq.gz,ftp.sra.ebi.ac.uk/vol1/fastq/SRR131/088/SRR13182388/SRR13182388_2.fastq.gz,Blond Beer (8.88%),Belgium,unkown,O65
SRR13182389,0.0,0.0,0.0,161.0,60.0,0.0,10.0,0.0,0.0,0.0,0.0,0.0,0.0,22.0,0.0,0.0,0.0,0.0,0.0,0.0,0.0,0.0,0.0,0.0,0.0,0.0,0.0,0.0,0.0,0.0,0.0,https://www.ebi.ac.uk/ena/browser/view/SRR13182389,Beer,Amplicon,ITS,Illumina,February 2021,Description of the temporal dynamics in microbial community composition and beer chemistry in sour beer production via barrel ageing of finished beers,https://pubmed.ncbi.nlm.nih.gov/33387813/,ftp.sra.ebi.ac.uk/vol1/fastq/SRR131/089/SRR13182389/SRR13182389_1.fastq.gz,ftp.sra.ebi.ac.uk/vol1/fastq/SRR131/089/SRR13182389/SRR13182389_2.fastq.gz,Blond Beer (8.88%),Belgium,unkown,O64
SRR13182390,0.0,0.0,0.0,2232.0,47.0,2708.0,0.0,216.0,0.0,0.0,0.0,0.0,0.0,97.0,0.0,0.0,62.0,0.0,0.0,0.0,0.0,0.0,0.0,0.0,0.0,0.0,0.0,0.0,0.0,0.0,0.0,https://www.ebi.ac.uk/ena/browser/view/SRR13182390,Beer,Amplicon,ITS,Illumina,February 2021,Description of the temporal dynamics in microbial community composition and beer chemistry in sour beer production via barrel ageing of finished beers,https://pubmed.ncbi.nlm.nih.gov/33387813/,ftp.sra.ebi.ac.uk/vol1/fastq/SRR131/090/SRR13182390/SRR13182390_1.fastq.gz,ftp.sra.ebi.ac.uk/vol1/fastq/SRR131/090/SRR13182390/SRR13182390_2.fastq.gz,Blond Beer (8.88%),Belgium,unkown,O63
SRR13182391,0.0,149.0,62.0,246.0,18.0,0.0,63.0,0.0,0.0,0.0,0.0,0.0,0.0,0.0,0.0,0.0,0.0,0.0,0.0,0.0,0.0,0.0,0.0,0.0,0.0,0.0,0.0,0.0,0.0,0.0,0.0,https://www.ebi.ac.uk/ena/browser/view/SRR13182391,Beer,Amplicon,ITS,Illumina,February 2021,Description of the temporal dynamics in microbial community composition and beer chemistry in sour beer production via barrel ageing of finished beers,https://pubmed.ncbi.nlm.nih.gov/33387813/,ftp.sra.ebi.ac.uk/vol1/fastq/SRR131/091/SRR13182391/SRR13182391_1.fastq.gz,ftp.sra.ebi.ac.uk/vol1/fastq/SRR131/091/SRR13182391/SRR13182391_2.fastq.gz,Blond Beer (8.88%),Belgium,unkown,O62
SRR13182392,0.0,90.0,105.0,2467.0,8.0,34.0,37.0,0.0,0.0,0.0,0.0,0.0,0.0,0.0,0.0,0.0,9.0,0.0,0.0,0.0,0.0,0.0,0.0,0.0,0.0,0.0,0.0,0.0,0.0,0.0,0.0,https://www.ebi.ac.uk/ena/browser/view/SRR13182392,Beer,Amplicon,ITS,Illumina,February 2021,Description of the temporal dynamics in microbial community composition and beer chemistry in sour beer production via barrel ageing of finished beers,https://pubmed.ncbi.nlm.nih.gov/33387813/,ftp.sra.ebi.ac.uk/vol1/fastq/SRR131/092/SRR13182392/SRR13182392_1.fastq.gz,ftp.sra.ebi.ac.uk/vol1/fastq/SRR131/092/SRR13182392/SRR13182392_2.fastq.gz,Blond Beer (8.88%),Belgium,unkown,O61
SRR13182393,0.0,0.0,0.0,0.0,0.0,0.0,0.0,0.0,0.0,0.0,0.0,0.0,0.0,0.0,0.0,0.0,0.0,0.0,0.0,0.0,0.0,0.0,0.0,0.0,0.0,0.0,0.0,0.0,0.0,0.0,0.0,https://www.ebi.ac.uk/ena/browser/view/SRR13182393,Beer,Amplicon,ITS,Illumina,February 2021,Description of the temporal dynamics in microbial community composition and beer chemistry in sour beer production via barrel ageing of finished beers,https://pubmed.ncbi.nlm.nih.gov/33387813/,ftp.sra.ebi.ac.uk/vol1/fastq/SRR131/093/SRR13182393/SRR13182393_1.fastq.gz,ftp.sra.ebi.ac.uk/vol1/fastq/SRR131/093/SRR13182393/SRR13182393_2.fastq.gz,Blond Beer (8.88%),Belgium,unkown,O36
SRR13182394,0.0,61.0,0.0,43.0,0.0,154.0,22.0,0.0,0.0,0.0,0.0,0.0,0.0,0.0,0.0,0.0,0.0,0.0,0.0,0.0,0.0,0.0,0.0,0.0,0.0,0.0,0.0,0.0,0.0,0.0,0.0,https://www.ebi.ac.uk/ena/browser/view/SRR13182394,Beer,Amplicon,ITS,Illumina,February 2021,Description of the temporal dynamics in microbial community composition and beer chemistry in sour beer production via barrel ageing of finished beers,https://pubmed.ncbi.nlm.nih.gov/33387813/,ftp.sra.ebi.ac.uk/vol1/fastq/SRR131/094/SRR13182394/SRR13182394_1.fastq.gz,ftp.sra.ebi.ac.uk/vol1/fastq/SRR131/094/SRR13182394/SRR13182394_2.fastq.gz,Blond Beer (8.88%),Belgium,unkown,O35
SRR13182395,0.0,0.0,0.0,0.0,0.0,0.0,0.0,0.0,0.0,0.0,0.0,0.0,0.0,0.0,0.0,0.0,0.0,0.0,0.0,0.0,0.0,0.0,0.0,0.0,0.0,0.0,0.0,0.0,0.0,0.0,0.0,https://www.ebi.ac.uk/ena/browser/view/SRR13182395,Beer,Amplicon,ITS,Illumina,February 2021,Description of the temporal dynamics in microbial community composition and beer chemistry in sour beer production via barrel ageing of finished beers,https://pubmed.ncbi.nlm.nih.gov/33387813/,ftp.sra.ebi.ac.uk/vol1/fastq/SRR131/095/SRR13182395/SRR13182395_1.fastq.gz,ftp.sra.ebi.ac.uk/vol1/fastq/SRR131/095/SRR13182395/SRR13182395_2.fastq.gz,Stout Beer (9.64%),Belgium,unkown,A9
SRR13182396,0.0,0.0,0.0,0.0,0.0,0.0,0.0,0.0,0.0,0.0,0.0,0.0,0.0,0.0,0.0,0.0,0.0,0.0,0.0,0.0,0.0,0.0,0.0,0.0,0.0,0.0,0.0,0.0,0.0,0.0,0.0,https://www.ebi.ac.uk/ena/browser/view/SRR13182396,Beer,Amplicon,ITS,Illumina,February 2021,Description of the temporal dynamics in microbial community composition and beer chemistry in sour beer production via barrel ageing of finished beers,https://pubmed.ncbi.nlm.nih.gov/33387813/,ftp.sra.ebi.ac.uk/vol1/fastq/SRR131/096/SRR13182396/SRR13182396_1.fastq.gz,ftp.sra.ebi.ac.uk/vol1/fastq/SRR131/096/SRR13182396/SRR13182396_2.fastq.gz,Blond Beer (8.88%),Belgium,unkown,O34
SRR13182397,0.0,141.0,0.0,1935.0,0.0,567.0,0.0,0.0,0.0,0.0,0.0,0.0,0.0,0.0,0.0,0.0,0.0,0.0,0.0,0.0,0.0,0.0,0.0,0.0,0.0,0.0,0.0,0.0,0.0,0.0,0.0,https://www.ebi.ac.uk/ena/browser/view/SRR13182397,Beer,Amplicon,ITS,Illumina,February 2021,Description of the temporal dynamics in microbial community composition and beer chemistry in sour beer production via barrel ageing of finished beers,https://pubmed.ncbi.nlm.nih.gov/33387813/,ftp.sra.ebi.ac.uk/vol1/fastq/SRR131/097/SRR13182397/SRR13182397_1.fastq.gz,ftp.sra.ebi.ac.uk/vol1/fastq/SRR131/097/SRR13182397/SRR13182397_2.fastq.gz,Blond Beer (8.88%),Belgium,unkown,O33
SRR13182398,0.0,1182.0,0.0,1110.0,58.0,221.0,19.0,0.0,0.0,0.0,0.0,0.0,0.0,0.0,0.0,0.0,0.0,0.0,0.0,0.0,0.0,0.0,0.0,0.0,0.0,0.0,0.0,0.0,0.0,0.0,0.0,https://www.ebi.ac.uk/ena/browser/view/SRR13182398,Beer,Amplicon,ITS,Illumina,February 2021,Description of the temporal dynamics in microbial community composition and beer chemistry in sour beer production via barrel ageing of finished beers,https://pubmed.ncbi.nlm.nih.gov/33387813/,ftp.sra.ebi.ac.uk/vol1/fastq/SRR131/098/SRR13182398/SRR13182398_1.fastq.gz,ftp.sra.ebi.ac.uk/vol1/fastq/SRR131/098/SRR13182398/SRR13182398_2.fastq.gz,Blond Beer (8.88%),Belgium,unkown,O32
SRR13182399,0.0,448.0,0.0,4377.0,0.0,558.0,0.0,53.0,0.0,0.0,0.0,0.0,0.0,0.0,0.0,0.0,0.0,0.0,0.0,0.0,0.0,0.0,0.0,0.0,0.0,0.0,0.0,0.0,0.0,0.0,0.0,https://www.ebi.ac.uk/ena/browser/view/SRR13182399,Beer,Amplicon,ITS,Illumina,February 2021,Description of the temporal dynamics in microbial community composition and beer chemistry in sour beer production via barrel ageing of finished beers,https://pubmed.ncbi.nlm.nih.gov/33387813/,ftp.sra.ebi.ac.uk/vol1/fastq/SRR131/099/SRR13182399/SRR13182399_1.fastq.gz,ftp.sra.ebi.ac.uk/vol1/fastq/SRR131/099/SRR13182399/SRR13182399_2.fastq.gz,Blond Beer (8.88%),Belgium,unkown,O31
SRR13182400,0.0,168.0,3173.0,110.0,446.0,3054.0,90.0,0.0,306.0,0.0,0.0,0.0,0.0,0.0,0.0,0.0,0.0,35.0,0.0,49.0,0.0,37.0,0.0,0.0,0.0,14.0,0.0,0.0,0.0,15.0,0.0,https://www.ebi.ac.uk/ena/browser/view/SRR13182400,Beer,Amplicon,ITS,Illumina,February 2021,Description of the temporal dynamics in microbial community composition and beer chemistry in sour beer production via barrel ageing of finished beers,https://pubmed.ncbi.nlm.nih.gov/33387813/,ftp.sra.ebi.ac.uk/vol1/fastq/SRR131/000/SRR13182400/SRR13182400_1.fastq.gz,ftp.sra.ebi.ac.uk/vol1/fastq/SRR131/000/SRR13182400/SRR13182400_2.fastq.gz,Blond Beer (8.88%),Belgium,unkown,O12
SRR13182401,0.0,844.0,4391.0,120.0,0.0,1083.0,670.0,0.0,0.0,56.0,0.0,172.0,27.0,0.0,91.0,0.0,0.0,0.0,0.0,0.0,0.0,16.0,0.0,39.0,0.0,0.0,0.0,0.0,18.0,0.0,0.0,https://www.ebi.ac.uk/ena/browser/view/SRR13182401,Beer,Amplicon,ITS,Illumina,February 2021,Description of the temporal dynamics in microbial community composition and beer chemistry in sour beer production via barrel ageing of finished beers,https://pubmed.ncbi.nlm.nih.gov/33387813/,ftp.sra.ebi.ac.uk/vol1/fastq/SRR131/001/SRR13182401/SRR13182401_1.fastq.gz,ftp.sra.ebi.ac.uk/vol1/fastq/SRR131/001/SRR13182401/SRR13182401_2.fastq.gz,Blond Beer (8.88%),Belgium,unkown,O11
SRR13182402,0.0,1045.0,4171.0,204.0,2426.0,304.0,167.0,0.0,131.0,32.0,0.0,0.0,0.0,0.0,0.0,0.0,0.0,59.0,0.0,0.0,0.0,0.0,0.0,0.0,0.0,0.0,0.0,0.0,0.0,0.0,0.0,https://www.ebi.ac.uk/ena/browser/view/SRR13182402,Beer,Amplicon,ITS,Illumina,February 2021,Description of the temporal dynamics in microbial community composition and beer chemistry in sour beer production via barrel ageing of finished beers,https://pubmed.ncbi.nlm.nih.gov/33387813/,ftp.sra.ebi.ac.uk/vol1/fastq/SRR131/002/SRR13182402/SRR13182402_1.fastq.gz,ftp.sra.ebi.ac.uk/vol1/fastq/SRR131/002/SRR13182402/SRR13182402_2.fastq.gz,Blond Beer (8.88%),Belgium,unkown,O10
SRR13182403,0.0,543.0,2861.0,105.0,0.0,413.0,52.0,0.0,0.0,36.0,0.0,0.0,0.0,0.0,0.0,0.0,0.0,47.0,0.0,0.0,0.0,0.0,0.0,0.0,0.0,0.0,0.0,0.0,0.0,0.0,0.0,https://www.ebi.ac.uk/ena/browser/view/SRR13182403,Beer,Amplicon,ITS,Illumina,February 2021,Description of the temporal dynamics in microbial community composition and beer chemistry in sour beer production via barrel ageing of finished beers,https://pubmed.ncbi.nlm.nih.gov/33387813/,ftp.sra.ebi.ac.uk/vol1/fastq/SRR131/003/SRR13182403/SRR13182403_1.fastq.gz,ftp.sra.ebi.ac.uk/vol1/fastq/SRR131/003/SRR13182403/SRR13182403_2.fastq.gz,Blond Beer (8.88%),Belgium,unkown,O9
SRR13182404,0.0,895.0,2059.0,416.0,4422.0,195.0,282.0,0.0,160.0,11.0,30.0,0.0,0.0,0.0,59.0,35.0,0.0,53.0,0.0,0.0,0.0,25.0,0.0,0.0,0.0,0.0,0.0,0.0,0.0,0.0,0.0,https://www.ebi.ac.uk/ena/browser/view/SRR13182404,Beer,Amplicon,ITS,Illumina,February 2021,Description of the temporal dynamics in microbial community composition and beer chemistry in sour beer production via barrel ageing of finished beers,https://pubmed.ncbi.nlm.nih.gov/33387813/,ftp.sra.ebi.ac.uk/vol1/fastq/SRR131/004/SRR13182404/SRR13182404_1.fastq.gz,ftp.sra.ebi.ac.uk/vol1/fastq/SRR131/004/SRR13182404/SRR13182404_2.fastq.gz,Blond Beer (8.88%),Belgium,unkown,O8
SRR13182405,0.0,753.0,2148.0,183.0,12541.0,1275.0,40.0,0.0,119.0,0.0,193.0,0.0,6.0,0.0,0.0,0.0,0.0,41.0,51.0,0.0,0.0,0.0,0.0,0.0,0.0,0.0,0.0,0.0,0.0,0.0,0.0,https://www.ebi.ac.uk/ena/browser/view/SRR13182405,Beer,Amplicon,ITS,Illumina,February 2021,Description of the temporal dynamics in microbial community composition and beer chemistry in sour beer production via barrel ageing of finished beers,https://pubmed.ncbi.nlm.nih.gov/33387813/,ftp.sra.ebi.ac.uk/vol1/fastq/SRR131/005/SRR13182405/SRR13182405_1.fastq.gz,ftp.sra.ebi.ac.uk/vol1/fastq/SRR131/005/SRR13182405/SRR13182405_2.fastq.gz,Blond Beer (8.88%),Belgium,unkown,O7
SRR13182406,0.0,0.0,0.0,0.0,0.0,0.0,0.0,0.0,0.0,0.0,0.0,0.0,0.0,0.0,0.0,0.0,0.0,0.0,0.0,0.0,0.0,0.0,0.0,0.0,0.0,0.0,0.0,0.0,0.0,0.0,0.0,https://www.ebi.ac.uk/ena/browser/view/SRR13182406,Beer,Amplicon,ITS,Illumina,February 2021,Description of the temporal dynamics in microbial community composition and beer chemistry in sour beer production via barrel ageing of finished beers,https://pubmed.ncbi.nlm.nih.gov/33387813/,ftp.sra.ebi.ac.uk/vol1/fastq/SRR131/006/SRR13182406/SRR13182406_1.fastq.gz,ftp.sra.ebi.ac.uk/vol1/fastq/SRR131/006/SRR13182406/SRR13182406_2.fastq.gz,Stout Beer (9.64%),Belgium,unkown,A8
SRR13182407,35.0,0.0,60.0,0.0,0.0,0.0,0.0,0.0,0.0,0.0,0.0,0.0,0.0,0.0,0.0,0.0,0.0,0.0,0.0,0.0,0.0,0.0,0.0,0.0,0.0,0.0,0.0,0.0,0.0,0.0,0.0,https://www.ebi.ac.uk/ena/browser/view/SRR13182407,Beer,Amplicon,ITS,Illumina,February 2021,Description of the temporal dynamics in microbial community composition and beer chemistry in sour beer production via barrel ageing of finished beers,https://pubmed.ncbi.nlm.nih.gov/33387813/,ftp.sra.ebi.ac.uk/vol1/fastq/SRR131/007/SRR13182407/SRR13182407_1.fastq.gz,ftp.sra.ebi.ac.uk/vol1/fastq/SRR131/007/SRR13182407/SRR13182407_2.fastq.gz,Blond Beer (8.88%),Belgium,unkown,O0
SRR13182408,0.0,0.0,0.0,0.0,0.0,0.0,0.0,0.0,0.0,0.0,0.0,0.0,0.0,0.0,0.0,0.0,0.0,0.0,0.0,0.0,0.0,0.0,0.0,0.0,0.0,0.0,0.0,0.0,0.0,0.0,0.0,https://www.ebi.ac.uk/ena/browser/view/SRR13182408,Beer,Amplicon,ITS,Illumina,February 2021,Description of the temporal dynamics in microbial community composition and beer chemistry in sour beer production via barrel ageing of finished beers,https://pubmed.ncbi.nlm.nih.gov/33387813/,ftp.sra.ebi.ac.uk/vol1/fastq/SRR131/008/SRR13182408/SRR13182408_1.fastq.gz,ftp.sra.ebi.ac.uk/vol1/fastq/SRR131/008/SRR13182408/SRR13182408_2.fastq.gz,Stout Beer (9.64%),Belgium,unkown,A66
SRR13182409,0.0,196.0,0.0,0.0,0.0,0.0,19.0,0.0,0.0,0.0,0.0,0.0,0.0,0.0,0.0,0.0,0.0,0.0,0.0,0.0,0.0,0.0,0.0,0.0,0.0,0.0,0.0,0.0,0.0,0.0,0.0,https://www.ebi.ac.uk/ena/browser/view/SRR13182409,Beer,Amplicon,ITS,Illumina,February 2021,Description of the temporal dynamics in microbial community composition and beer chemistry in sour beer production via barrel ageing of finished beers,https://pubmed.ncbi.nlm.nih.gov/33387813/,ftp.sra.ebi.ac.uk/vol1/fastq/SRR131/009/SRR13182409/SRR13182409_1.fastq.gz,ftp.sra.ebi.ac.uk/vol1/fastq/SRR131/009/SRR13182409/SRR13182409_2.fastq.gz,Stout Beer (9.64%),Belgium,unkown,A65
SRR13182410,0.0,373.0,0.0,0.0,0.0,0.0,17.0,0.0,0.0,0.0,0.0,0.0,9.0,0.0,0.0,0.0,0.0,0.0,0.0,0.0,0.0,0.0,0.0,0.0,0.0,0.0,0.0,0.0,0.0,0.0,0.0,https://www.ebi.ac.uk/ena/browser/view/SRR13182410,Beer,Amplicon,ITS,Illumina,February 2021,Description of the temporal dynamics in microbial community composition and beer chemistry in sour beer production via barrel ageing of finished beers,https://pubmed.ncbi.nlm.nih.gov/33387813/,ftp.sra.ebi.ac.uk/vol1/fastq/SRR131/010/SRR13182410/SRR13182410_1.fastq.gz,ftp.sra.ebi.ac.uk/vol1/fastq/SRR131/010/SRR13182410/SRR13182410_2.fastq.gz,Stout Beer (9.64%),Belgium,unkown,A64
SRR13182411,0.0,305.0,0.0,0.0,0.0,0.0,28.0,0.0,0.0,0.0,0.0,0.0,0.0,0.0,0.0,0.0,0.0,0.0,0.0,0.0,0.0,0.0,0.0,0.0,0.0,0.0,0.0,0.0,0.0,0.0,0.0,https://www.ebi.ac.uk/ena/browser/view/SRR13182411,Beer,Amplicon,ITS,Illumina,February 2021,Description of the temporal dynamics in microbial community composition and beer chemistry in sour beer production via barrel ageing of finished beers,https://pubmed.ncbi.nlm.nih.gov/33387813/,ftp.sra.ebi.ac.uk/vol1/fastq/SRR131/011/SRR13182411/SRR13182411_1.fastq.gz,ftp.sra.ebi.ac.uk/vol1/fastq/SRR131/011/SRR13182411/SRR13182411_2.fastq.gz,Stout Beer (9.64%),Belgium,unkown,A63
SRR13182412,0.0,138.0,0.0,0.0,0.0,0.0,13.0,0.0,0.0,0.0,0.0,0.0,0.0,0.0,0.0,0.0,0.0,0.0,0.0,0.0,0.0,0.0,0.0,0.0,0.0,0.0,0.0,0.0,0.0,0.0,5.0,https://www.ebi.ac.uk/ena/browser/view/SRR13182412,Beer,Amplicon,ITS,Illumina,February 2021,Description of the temporal dynamics in microbial community composition and beer chemistry in sour beer production via barrel ageing of finished beers,https://pubmed.ncbi.nlm.nih.gov/33387813/,ftp.sra.ebi.ac.uk/vol1/fastq/SRR131/012/SRR13182412/SRR13182412_1.fastq.gz,ftp.sra.ebi.ac.uk/vol1/fastq/SRR131/012/SRR13182412/SRR13182412_2.fastq.gz,Stout Beer (9.64%),Belgium,unkown,A62
SRR13182413,0.0,24.0,0.0,0.0,0.0,0.0,0.0,0.0,0.0,0.0,0.0,0.0,0.0,0.0,0.0,0.0,0.0,0.0,0.0,0.0,0.0,0.0,0.0,0.0,0.0,0.0,0.0,0.0,0.0,0.0,0.0,https://www.ebi.ac.uk/ena/browser/view/SRR13182413,Beer,Amplicon,ITS,Illumina,February 2021,Description of the temporal dynamics in microbial community composition and beer chemistry in sour beer production via barrel ageing of finished beers,https://pubmed.ncbi.nlm.nih.gov/33387813/,ftp.sra.ebi.ac.uk/vol1/fastq/SRR131/013/SRR13182413/SRR13182413_1.fastq.gz,ftp.sra.ebi.ac.uk/vol1/fastq/SRR131/013/SRR13182413/SRR13182413_2.fastq.gz,Stout Beer (9.64%),Belgium,unkown,A61
SRR13182414,0.0,47.0,0.0,0.0,0.0,0.0,0.0,0.0,0.0,0.0,0.0,0.0,3.0,0.0,0.0,0.0,0.0,0.0,0.0,0.0,0.0,0.0,0.0,0.0,0.0,0.0,0.0,0.0,0.0,0.0,0.0,https://www.ebi.ac.uk/ena/browser/view/SRR13182414,Beer,Amplicon,ITS,Illumina,February 2021,Description of the temporal dynamics in microbial community composition and beer chemistry in sour beer production via barrel ageing of finished beers,https://pubmed.ncbi.nlm.nih.gov/33387813/,ftp.sra.ebi.ac.uk/vol1/fastq/SRR131/014/SRR13182414/SRR13182414_1.fastq.gz,ftp.sra.ebi.ac.uk/vol1/fastq/SRR131/014/SRR13182414/SRR13182414_2.fastq.gz,Stout Beer (9.64%),Belgium,unkown,A36
SRR13182415,0.0,0.0,0.0,0.0,0.0,0.0,0.0,0.0,0.0,0.0,0.0,0.0,0.0,0.0,0.0,0.0,0.0,0.0,0.0,0.0,0.0,0.0,0.0,0.0,0.0,0.0,0.0,0.0,0.0,0.0,0.0,https://www.ebi.ac.uk/ena/browser/view/SRR13182415,Beer,Amplicon,ITS,Illumina,February 2021,Description of the temporal dynamics in microbial community composition and beer chemistry in sour beer production via barrel ageing of finished beers,https://pubmed.ncbi.nlm.nih.gov/33387813/,ftp.sra.ebi.ac.uk/vol1/fastq/SRR131/015/SRR13182415/SRR13182415_1.fastq.gz,ftp.sra.ebi.ac.uk/vol1/fastq/SRR131/015/SRR13182415/SRR13182415_2.fastq.gz,Stout Beer (9.64%),Belgium,unkown,A35
SRR13182416,0.0,0.0,0.0,0.0,0.0,0.0,0.0,0.0,0.0,0.0,0.0,0.0,0.0,0.0,0.0,0.0,0.0,0.0,0.0,0.0,0.0,0.0,0.0,0.0,0.0,0.0,0.0,0.0,0.0,0.0,0.0,https://www.ebi.ac.uk/ena/browser/view/SRR13182416,Beer,Amplicon,ITS,Illumina,February 2021,Description of the temporal dynamics in microbial community composition and beer chemistry in sour beer production via barrel ageing of finished beers,https://pubmed.ncbi.nlm.nih.gov/33387813/,ftp.sra.ebi.ac.uk/vol1/fastq/SRR131/016/SRR13182416/SRR13182416_1.fastq.gz,ftp.sra.ebi.ac.uk/vol1/fastq/SRR131/016/SRR13182416/SRR13182416_2.fastq.gz,Stout Beer (9.64%),Belgium,unkown,A34
SRR13182417,0.0,26.0,0.0,0.0,0.0,0.0,0.0,0.0,0.0,0.0,0.0,0.0,0.0,0.0,0.0,0.0,0.0,0.0,0.0,0.0,0.0,0.0,0.0,0.0,0.0,0.0,0.0,0.0,0.0,0.0,0.0,https://www.ebi.ac.uk/ena/browser/view/SRR13182417,Beer,Amplicon,ITS,Illumina,February 2021,Description of the temporal dynamics in microbial community composition and beer chemistry in sour beer production via barrel ageing of finished beers,https://pubmed.ncbi.nlm.nih.gov/33387813/,ftp.sra.ebi.ac.uk/vol1/fastq/SRR131/017/SRR13182417/SRR13182417_1.fastq.gz,ftp.sra.ebi.ac.uk/vol1/fastq/SRR131/017/SRR13182417/SRR13182417_2.fastq.gz,Stout Beer (9.64%),Belgium,unkown,A7
SRR13182418,0.0,0.0,0.0,0.0,0.0,0.0,0.0,0.0,0.0,0.0,0.0,0.0,0.0,0.0,0.0,0.0,0.0,0.0,0.0,0.0,0.0,0.0,0.0,0.0,0.0,0.0,0.0,0.0,0.0,0.0,0.0,https://www.ebi.ac.uk/ena/browser/view/SRR13182418,Beer,Amplicon,ITS,Illumina,February 2021,Description of the temporal dynamics in microbial community composition and beer chemistry in sour beer production via barrel ageing of finished beers,https://pubmed.ncbi.nlm.nih.gov/33387813/,ftp.sra.ebi.ac.uk/vol1/fastq/SRR131/018/SRR13182418/SRR13182418_1.fastq.gz,ftp.sra.ebi.ac.uk/vol1/fastq/SRR131/018/SRR13182418/SRR13182418_2.fastq.gz,Stout Beer (9.64%),Belgium,unkown,A0
SRR13187222,8024.0,0.0,0.0,0.0,0.0,0.0,0.0,0.0,0.0,0.0,0.0,0.0,0.0,0.0,0.0,0.0,0.0,0.0,0.0,0.0,0.0,0.0,0.0,0.0,0.0,0.0,0.0,0.0,0.0,0.0,0.0,https://www.ebi.ac.uk/ena/browser/view/SRR13187222,Beer,Amplicon,ITS,Illumina,February 2021,Description of the temporal dynamics in microbial community composition and beer chemistry in sour beer production via barrel ageing of finished beers,https://pubmed.ncbi.nlm.nih.gov/33387813/,ftp.sra.ebi.ac.uk/vol1/fastq/SRR131/022/SRR13187222/SRR13187222_1.fastq.gz,ftp.sra.ebi.ac.uk/vol1/fastq/SRR131/022/SRR13187222/SRR13187222_2.fastq.gz,Stout Beer (9.64%),Belgium,unkown,A33
SRR13187223,6747.0,9.0,0.0,0.0,0.0,0.0,0.0,0.0,0.0,0.0,0.0,0.0,0.0,0.0,0.0,0.0,0.0,0.0,0.0,0.0,0.0,0.0,0.0,0.0,0.0,0.0,0.0,0.0,0.0,0.0,0.0,https://www.ebi.ac.uk/ena/browser/view/SRR13187223,Beer,Amplicon,ITS,Illumina,February 2021,Description of the temporal dynamics in microbial community composition and beer chemistry in sour beer production via barrel ageing of finished beers,https://pubmed.ncbi.nlm.nih.gov/33387813/,ftp.sra.ebi.ac.uk/vol1/fastq/SRR131/023/SRR13187223/SRR13187223_1.fastq.gz,ftp.sra.ebi.ac.uk/vol1/fastq/SRR131/023/SRR13187223/SRR13187223_2.fastq.gz,Stout Beer (9.64%),Belgium,unkown,A32
SRR13187224,13473.0,0.0,0.0,0.0,0.0,0.0,0.0,0.0,0.0,0.0,0.0,0.0,0.0,0.0,0.0,0.0,0.0,0.0,0.0,0.0,0.0,0.0,0.0,0.0,0.0,0.0,0.0,0.0,0.0,0.0,0.0,https://www.ebi.ac.uk/ena/browser/view/SRR13187224,Beer,Amplicon,ITS,Illumina,February 2021,Description of the temporal dynamics in microbial community composition and beer chemistry in sour beer production via barrel ageing of finished beers,https://pubmed.ncbi.nlm.nih.gov/33387813/,ftp.sra.ebi.ac.uk/vol1/fastq/SRR131/024/SRR13187224/SRR13187224_1.fastq.gz,ftp.sra.ebi.ac.uk/vol1/fastq/SRR131/024/SRR13187224/SRR13187224_2.fastq.gz,Stout Beer (9.64%),Belgium,unkown,A31
SRR13187225,26436.0,0.0,0.0,0.0,0.0,0.0,0.0,0.0,0.0,0.0,0.0,0.0,0.0,0.0,0.0,0.0,0.0,0.0,0.0,0.0,0.0,0.0,0.0,0.0,0.0,0.0,0.0,0.0,0.0,0.0,0.0,https://www.ebi.ac.uk/ena/browser/view/SRR13187225,Beer,Amplicon,ITS,Illumina,February 2021,Description of the temporal dynamics in microbial community composition and beer chemistry in sour beer production via barrel ageing of finished beers,https://pubmed.ncbi.nlm.nih.gov/33387813/,ftp.sra.ebi.ac.uk/vol1/fastq/SRR131/025/SRR13187225/SRR13187225_1.fastq.gz,ftp.sra.ebi.ac.uk/vol1/fastq/SRR131/025/SRR13187225/SRR13187225_2.fastq.gz,Stout Beer (9.64%),Belgium,unkown,A12
SRR13187226,12643.0,226.0,0.0,0.0,13.0,0.0,0.0,0.0,0.0,0.0,0.0,0.0,0.0,0.0,0.0,0.0,0.0,0.0,0.0,0.0,0.0,0.0,0.0,0.0,0.0,0.0,0.0,0.0,0.0,0.0,0.0,https://www.ebi.ac.uk/ena/browser/view/SRR13187226,Beer,Amplicon,ITS,Illumina,February 2021,Description of the temporal dynamics in microbial community composition and beer chemistry in sour beer production via barrel ageing of finished beers,https://pubmed.ncbi.nlm.nih.gov/33387813/,ftp.sra.ebi.ac.uk/vol1/fastq/SRR131/026/SRR13187226/SRR13187226_1.fastq.gz,ftp.sra.ebi.ac.uk/vol1/fastq/SRR131/026/SRR13187226/SRR13187226_2.fastq.gz,Blond Beer (3.12%),Belgium,unkown,P66
SRR13187227,13021.0,1326.0,0.0,0.0,0.0,0.0,0.0,0.0,0.0,0.0,0.0,0.0,0.0,0.0,0.0,0.0,0.0,0.0,0.0,0.0,0.0,0.0,0.0,0.0,0.0,0.0,0.0,0.0,0.0,0.0,0.0,https://www.ebi.ac.uk/ena/browser/view/SRR13187227,Beer,Amplicon,ITS,Illumina,February 2021,Description of the temporal dynamics in microbial community composition and beer chemistry in sour beer production via barrel ageing of finished beers,https://pubmed.ncbi.nlm.nih.gov/33387813/,ftp.sra.ebi.ac.uk/vol1/fastq/SRR131/027/SRR13187227/SRR13187227_1.fastq.gz,ftp.sra.ebi.ac.uk/vol1/fastq/SRR131/027/SRR13187227/SRR13187227_2.fastq.gz,Blond Beer (3.12%),Belgium,unkown,P65
SRR13187228,24304.0,866.0,0.0,0.0,14.0,0.0,0.0,0.0,0.0,0.0,0.0,0.0,0.0,0.0,0.0,0.0,0.0,0.0,0.0,0.0,0.0,0.0,0.0,0.0,0.0,0.0,0.0,0.0,0.0,0.0,0.0,https://www.ebi.ac.uk/ena/browser/view/SRR13187228,Beer,Amplicon,ITS,Illumina,February 2021,Description of the temporal dynamics in microbial community composition and beer chemistry in sour beer production via barrel ageing of finished beers,https://pubmed.ncbi.nlm.nih.gov/33387813/,ftp.sra.ebi.ac.uk/vol1/fastq/SRR131/028/SRR13187228/SRR13187228_1.fastq.gz,ftp.sra.ebi.ac.uk/vol1/fastq/SRR131/028/SRR13187228/SRR13187228_2.fastq.gz,Blond Beer (3.12%),Belgium,unkown,P64
SRR13187229,38297.0,195.0,0.0,0.0,32.0,0.0,0.0,0.0,0.0,0.0,0.0,0.0,0.0,0.0,0.0,0.0,0.0,0.0,0.0,0.0,0.0,0.0,0.0,0.0,0.0,0.0,0.0,0.0,0.0,0.0,0.0,https://www.ebi.ac.uk/ena/browser/view/SRR13187229,Beer,Amplicon,ITS,Illumina,February 2021,Description of the temporal dynamics in microbial community composition and beer chemistry in sour beer production via barrel ageing of finished beers,https://pubmed.ncbi.nlm.nih.gov/33387813/,ftp.sra.ebi.ac.uk/vol1/fastq/SRR131/029/SRR13187229/SRR13187229_1.fastq.gz,ftp.sra.ebi.ac.uk/vol1/fastq/SRR131/029/SRR13187229/SRR13187229_2.fastq.gz,Blond Beer (3.12%),Belgium,unkown,P63
SRR13187230,8086.0,108.0,0.0,0.0,0.0,0.0,0.0,0.0,0.0,0.0,0.0,0.0,0.0,0.0,0.0,0.0,0.0,0.0,0.0,0.0,0.0,0.0,0.0,0.0,0.0,0.0,0.0,0.0,0.0,0.0,0.0,https://www.ebi.ac.uk/ena/browser/view/SRR13187230,Beer,Amplicon,ITS,Illumina,February 2021,Description of the temporal dynamics in microbial community composition and beer chemistry in sour beer production via barrel ageing of finished beers,https://pubmed.ncbi.nlm.nih.gov/33387813/,ftp.sra.ebi.ac.uk/vol1/fastq/SRR131/030/SRR13187230/SRR13187230_1.fastq.gz,ftp.sra.ebi.ac.uk/vol1/fastq/SRR131/030/SRR13187230/SRR13187230_2.fastq.gz,Blond Beer (3.12%),Belgium,unkown,P62
SRR13187231,34070.0,751.0,0.0,0.0,13.0,0.0,0.0,0.0,0.0,25.0,0.0,0.0,0.0,0.0,0.0,0.0,0.0,0.0,0.0,0.0,0.0,0.0,0.0,0.0,0.0,0.0,0.0,0.0,0.0,0.0,0.0,https://www.ebi.ac.uk/ena/browser/view/SRR13187231,Beer,Amplicon,ITS,Illumina,February 2021,Description of the temporal dynamics in microbial community composition and beer chemistry in sour beer production via barrel ageing of finished beers,https://pubmed.ncbi.nlm.nih.gov/33387813/,ftp.sra.ebi.ac.uk/vol1/fastq/SRR131/031/SRR13187231/SRR13187231_1.fastq.gz,ftp.sra.ebi.ac.uk/vol1/fastq/SRR131/031/SRR13187231/SRR13187231_2.fastq.gz,Blond Beer (3.12%),Belgium,unkown,P61
SRR13187232,18102.0,65.0,0.0,0.0,0.0,0.0,0.0,0.0,0.0,0.0,0.0,0.0,22.0,0.0,0.0,0.0,0.0,0.0,0.0,0.0,0.0,0.0,0.0,0.0,0.0,0.0,0.0,0.0,0.0,0.0,0.0,https://www.ebi.ac.uk/ena/browser/view/SRR13187232,Beer,Amplicon,ITS,Illumina,February 2021,Description of the temporal dynamics in microbial community composition and beer chemistry in sour beer production via barrel ageing of finished beers,https://pubmed.ncbi.nlm.nih.gov/33387813/,ftp.sra.ebi.ac.uk/vol1/fastq/SRR131/032/SRR13187232/SRR13187232_1.fastq.gz,ftp.sra.ebi.ac.uk/vol1/fastq/SRR131/032/SRR13187232/SRR13187232_2.fastq.gz,Blond Beer (3.12%),Belgium,unkown,P36
SRR13187233,27444.0,0.0,0.0,0.0,0.0,0.0,0.0,0.0,0.0,0.0,0.0,0.0,0.0,0.0,0.0,0.0,0.0,0.0,0.0,0.0,0.0,0.0,0.0,0.0,0.0,0.0,0.0,0.0,0.0,0.0,0.0,https://www.ebi.ac.uk/ena/browser/view/SRR13187233,Beer,Amplicon,ITS,Illumina,February 2021,Description of the temporal dynamics in microbial community composition and beer chemistry in sour beer production via barrel ageing of finished beers,https://pubmed.ncbi.nlm.nih.gov/33387813/,ftp.sra.ebi.ac.uk/vol1/fastq/SRR131/033/SRR13187233/SRR13187233_1.fastq.gz,ftp.sra.ebi.ac.uk/vol1/fastq/SRR131/033/SRR13187233/SRR13187233_2.fastq.gz,Stout Beer (9.64%),Belgium,unkown,A11
SRR13187234,7609.0,0.0,0.0,0.0,0.0,0.0,0.0,0.0,0.0,116.0,0.0,0.0,20.0,0.0,0.0,0.0,0.0,0.0,0.0,0.0,0.0,0.0,0.0,0.0,0.0,0.0,0.0,0.0,0.0,0.0,0.0,https://www.ebi.ac.uk/ena/browser/view/SRR13187234,Beer,Amplicon,ITS,Illumina,February 2021,Description of the temporal dynamics in microbial community composition and beer chemistry in sour beer production via barrel ageing of finished beers,https://pubmed.ncbi.nlm.nih.gov/33387813/,ftp.sra.ebi.ac.uk/vol1/fastq/SRR131/034/SRR13187234/SRR13187234_1.fastq.gz,ftp.sra.ebi.ac.uk/vol1/fastq/SRR131/034/SRR13187234/SRR13187234_2.fastq.gz,Blond Beer (3.12%),Belgium,unkown,P35
SRR13187235,5433.0,0.0,0.0,0.0,0.0,0.0,0.0,0.0,0.0,0.0,0.0,0.0,0.0,0.0,0.0,0.0,0.0,0.0,0.0,0.0,0.0,0.0,0.0,0.0,0.0,0.0,0.0,0.0,0.0,0.0,0.0,https://www.ebi.ac.uk/ena/browser/view/SRR13187235,Beer,Amplicon,ITS,Illumina,February 2021,Description of the temporal dynamics in microbial community composition and beer chemistry in sour beer production via barrel ageing of finished beers,https://pubmed.ncbi.nlm.nih.gov/33387813/,ftp.sra.ebi.ac.uk/vol1/fastq/SRR131/035/SRR13187235/SRR13187235_1.fastq.gz,ftp.sra.ebi.ac.uk/vol1/fastq/SRR131/035/SRR13187235/SRR13187235_2.fastq.gz,Blond Beer (3.12%),Belgium,unkown,P34
SRR13187236,35665.0,0.0,0.0,0.0,0.0,0.0,0.0,0.0,0.0,6.0,0.0,0.0,0.0,0.0,0.0,0.0,0.0,0.0,0.0,0.0,0.0,0.0,0.0,0.0,0.0,0.0,0.0,0.0,0.0,0.0,0.0,https://www.ebi.ac.uk/ena/browser/view/SRR13187236,Beer,Amplicon,ITS,Illumina,February 2021,Description of the temporal dynamics in microbial community composition and beer chemistry in sour beer production via barrel ageing of finished beers,https://pubmed.ncbi.nlm.nih.gov/33387813/,ftp.sra.ebi.ac.uk/vol1/fastq/SRR131/036/SRR13187236/SRR13187236_1.fastq.gz,ftp.sra.ebi.ac.uk/vol1/fastq/SRR131/036/SRR13187236/SRR13187236_2.fastq.gz,Blond Beer (3.12%),Belgium,unkown,P33
SRR13187237,11354.0,26.0,0.0,0.0,10.0,0.0,0.0,0.0,0.0,0.0,0.0,0.0,0.0,0.0,0.0,0.0,0.0,0.0,0.0,0.0,0.0,0.0,0.0,0.0,0.0,0.0,0.0,0.0,0.0,0.0,0.0,https://www.ebi.ac.uk/ena/browser/view/SRR13187237,Beer,Amplicon,ITS,Illumina,February 2021,Description of the temporal dynamics in microbial community composition and beer chemistry in sour beer production via barrel ageing of finished beers,https://pubmed.ncbi.nlm.nih.gov/33387813/,ftp.sra.ebi.ac.uk/vol1/fastq/SRR131/037/SRR13187237/SRR13187237_1.fastq.gz,ftp.sra.ebi.ac.uk/vol1/fastq/SRR131/037/SRR13187237/SRR13187237_2.fastq.gz,Blond Beer (3.12%),Belgium,unkown,P32
SRR13187238,28991.0,0.0,0.0,0.0,7.0,0.0,0.0,0.0,0.0,0.0,0.0,0.0,0.0,0.0,0.0,0.0,0.0,0.0,0.0,0.0,0.0,0.0,0.0,0.0,0.0,0.0,0.0,0.0,0.0,0.0,0.0,https://www.ebi.ac.uk/ena/browser/view/SRR13187238,Beer,Amplicon,ITS,Illumina,February 2021,Description of the temporal dynamics in microbial community composition and beer chemistry in sour beer production via barrel ageing of finished beers,https://pubmed.ncbi.nlm.nih.gov/33387813/,ftp.sra.ebi.ac.uk/vol1/fastq/SRR131/038/SRR13187238/SRR13187238_1.fastq.gz,ftp.sra.ebi.ac.uk/vol1/fastq/SRR131/038/SRR13187238/SRR13187238_2.fastq.gz,Blond Beer (3.12%),Belgium,unkown,P31
SRR13187239,24020.0,183.0,0.0,0.0,0.0,0.0,0.0,0.0,0.0,0.0,0.0,0.0,4.0,0.0,0.0,0.0,0.0,0.0,0.0,0.0,0.0,0.0,0.0,0.0,0.0,0.0,0.0,0.0,0.0,0.0,0.0,https://www.ebi.ac.uk/ena/browser/view/SRR13187239,Beer,Amplicon,ITS,Illumina,February 2021,Description of the temporal dynamics in microbial community composition and beer chemistry in sour beer production via barrel ageing of finished beers,https://pubmed.ncbi.nlm.nih.gov/33387813/,ftp.sra.ebi.ac.uk/vol1/fastq/SRR131/039/SRR13187239/SRR13187239_1.fastq.gz,ftp.sra.ebi.ac.uk/vol1/fastq/SRR131/039/SRR13187239/SRR13187239_2.fastq.gz,Blond Beer (3.12%),Belgium,unkown,P12
SRR13187240,22969.0,84.0,0.0,0.0,0.0,0.0,0.0,0.0,0.0,0.0,0.0,0.0,0.0,0.0,0.0,0.0,0.0,0.0,0.0,0.0,0.0,0.0,0.0,0.0,0.0,0.0,0.0,0.0,0.0,0.0,0.0,https://www.ebi.ac.uk/ena/browser/view/SRR13187240,Beer,Amplicon,ITS,Illumina,February 2021,Description of the temporal dynamics in microbial community composition and beer chemistry in sour beer production via barrel ageing of finished beers,https://pubmed.ncbi.nlm.nih.gov/33387813/,ftp.sra.ebi.ac.uk/vol1/fastq/SRR131/040/SRR13187240/SRR13187240_1.fastq.gz,ftp.sra.ebi.ac.uk/vol1/fastq/SRR131/040/SRR13187240/SRR13187240_2.fastq.gz,Blond Beer (3.12%),Belgium,unkown,P11
SRR13187241,24923.0,36.0,0.0,0.0,0.0,0.0,0.0,0.0,0.0,0.0,0.0,0.0,0.0,0.0,0.0,0.0,0.0,0.0,0.0,0.0,0.0,0.0,0.0,0.0,0.0,0.0,0.0,0.0,0.0,0.0,0.0,https://www.ebi.ac.uk/ena/browser/view/SRR13187241,Beer,Amplicon,ITS,Illumina,February 2021,Description of the temporal dynamics in microbial community composition and beer chemistry in sour beer production via barrel ageing of finished beers,https://pubmed.ncbi.nlm.nih.gov/33387813/,ftp.sra.ebi.ac.uk/vol1/fastq/SRR131/041/SRR13187241/SRR13187241_1.fastq.gz,ftp.sra.ebi.ac.uk/vol1/fastq/SRR131/041/SRR13187241/SRR13187241_2.fastq.gz,Blond Beer (3.12%),Belgium,unkown,P10
SRR13187242,23124.0,0.0,0.0,0.0,0.0,0.0,0.0,0.0,0.0,0.0,0.0,0.0,0.0,0.0,0.0,0.0,0.0,0.0,0.0,0.0,0.0,0.0,0.0,0.0,0.0,0.0,0.0,0.0,0.0,0.0,0.0,https://www.ebi.ac.uk/ena/browser/view/SRR13187242,Beer,Amplicon,ITS,Illumina,February 2021,Description of the temporal dynamics in microbial community composition and beer chemistry in sour beer production via barrel ageing of finished beers,https://pubmed.ncbi.nlm.nih.gov/33387813/,ftp.sra.ebi.ac.uk/vol1/fastq/SRR131/042/SRR13187242/SRR13187242_1.fastq.gz,ftp.sra.ebi.ac.uk/vol1/fastq/SRR131/042/SRR13187242/SRR13187242_2.fastq.gz,Blond Beer (3.12%),Belgium,unkown,P9
SRR13187243,11825.0,0.0,0.0,0.0,0.0,0.0,0.0,0.0,0.0,0.0,0.0,0.0,0.0,0.0,0.0,0.0,0.0,0.0,0.0,0.0,0.0,0.0,0.0,0.0,0.0,0.0,0.0,0.0,0.0,0.0,0.0,https://www.ebi.ac.uk/ena/browser/view/SRR13187243,Beer,Amplicon,ITS,Illumina,February 2021,Description of the temporal dynamics in microbial community composition and beer chemistry in sour beer production via barrel ageing of finished beers,https://pubmed.ncbi.nlm.nih.gov/33387813/,ftp.sra.ebi.ac.uk/vol1/fastq/SRR131/043/SRR13187243/SRR13187243_1.fastq.gz,ftp.sra.ebi.ac.uk/vol1/fastq/SRR131/043/SRR13187243/SRR13187243_2.fastq.gz,Blond Beer (3.12%),Belgium,unkown,P8
SRR13187244,43003.0,12.0,0.0,0.0,0.0,0.0,0.0,0.0,0.0,0.0,0.0,0.0,0.0,0.0,0.0,0.0,0.0,0.0,0.0,0.0,0.0,0.0,0.0,0.0,0.0,0.0,0.0,0.0,0.0,0.0,0.0,https://www.ebi.ac.uk/ena/browser/view/SRR13187244,Beer,Amplicon,ITS,Illumina,February 2021,Description of the temporal dynamics in microbial community composition and beer chemistry in sour beer production via barrel ageing of finished beers,https://pubmed.ncbi.nlm.nih.gov/33387813/,ftp.sra.ebi.ac.uk/vol1/fastq/SRR131/044/SRR13187244/SRR13187244_1.fastq.gz,ftp.sra.ebi.ac.uk/vol1/fastq/SRR131/044/SRR13187244/SRR13187244_2.fastq.gz,Stout Beer (9.64%),Belgium,unkown,A10
SRR13187245,24367.0,0.0,6.0,0.0,0.0,0.0,0.0,0.0,0.0,0.0,0.0,0.0,6.0,0.0,0.0,0.0,0.0,0.0,0.0,0.0,0.0,0.0,0.0,0.0,0.0,0.0,0.0,0.0,0.0,0.0,0.0,https://www.ebi.ac.uk/ena/browser/view/SRR13187245,Beer,Amplicon,ITS,Illumina,February 2021,Description of the temporal dynamics in microbial community composition and beer chemistry in sour beer production via barrel ageing of finished beers,https://pubmed.ncbi.nlm.nih.gov/33387813/,ftp.sra.ebi.ac.uk/vol1/fastq/SRR131/045/SRR13187245/SRR13187245_1.fastq.gz,ftp.sra.ebi.ac.uk/vol1/fastq/SRR131/045/SRR13187245/SRR13187245_2.fastq.gz,Blond Beer (3.12%),Belgium,unkown,P7
SRR13187246,9922.0,0.0,0.0,0.0,0.0,0.0,0.0,0.0,0.0,0.0,0.0,0.0,0.0,0.0,0.0,0.0,0.0,0.0,0.0,0.0,0.0,0.0,0.0,0.0,0.0,0.0,0.0,0.0,0.0,0.0,0.0,https://www.ebi.ac.uk/ena/browser/view/SRR13187246,Beer,Amplicon,ITS,Illumina,February 2021,Description of the temporal dynamics in microbial community composition and beer chemistry in sour beer production via barrel ageing of finished beers,https://pubmed.ncbi.nlm.nih.gov/33387813/,ftp.sra.ebi.ac.uk/vol1/fastq/SRR131/046/SRR13187246/SRR13187246_1.fastq.gz,ftp.sra.ebi.ac.uk/vol1/fastq/SRR131/046/SRR13187246/SRR13187246_2.fastq.gz,Blond Beer (3.12%),Belgium,unkown,P01
SRR13187247,12448.0,0.0,0.0,0.0,0.0,0.0,0.0,0.0,0.0,0.0,0.0,0.0,0.0,0.0,0.0,0.0,0.0,0.0,0.0,0.0,0.0,0.0,0.0,0.0,0.0,0.0,0.0,0.0,0.0,0.0,0.0,https://www.ebi.ac.uk/ena/browser/view/SRR13187247,Beer,Amplicon,ITS,Illumina,February 2021,Description of the temporal dynamics in microbial community composition and beer chemistry in sour beer production via barrel ageing of finished beers,https://pubmed.ncbi.nlm.nih.gov/33387813/,ftp.sra.ebi.ac.uk/vol1/fastq/SRR131/047/SRR13187247/SRR13187247_1.fastq.gz,ftp.sra.ebi.ac.uk/vol1/fastq/SRR131/047/SRR13187247/SRR13187247_2.fastq.gz,Blond Beer (8.88%),Belgium,unkown,O66
SRR13187248,15905.0,0.0,0.0,0.0,0.0,0.0,0.0,0.0,0.0,0.0,0.0,0.0,0.0,0.0,0.0,0.0,0.0,0.0,0.0,0.0,0.0,0.0,0.0,0.0,32.0,0.0,0.0,0.0,0.0,0.0,0.0,https://www.ebi.ac.uk/ena/browser/view/SRR13187248,Beer,Amplicon,ITS,Illumina,February 2021,Description of the temporal dynamics in microbial community composition and beer chemistry in sour beer production via barrel ageing of finished beers,https://pubmed.ncbi.nlm.nih.gov/33387813/,ftp.sra.ebi.ac.uk/vol1/fastq/SRR131/048/SRR13187248/SRR13187248_1.fastq.gz,ftp.sra.ebi.ac.uk/vol1/fastq/SRR131/048/SRR13187248/SRR13187248_2.fastq.gz,Blond Beer (8.88%),Belgium,unkown,O65
SRR13187249,241.0,0.0,0.0,23.0,9.0,0.0,0.0,0.0,0.0,0.0,0.0,0.0,0.0,0.0,0.0,0.0,0.0,0.0,0.0,0.0,0.0,0.0,0.0,0.0,0.0,0.0,0.0,0.0,0.0,0.0,0.0,https://www.ebi.ac.uk/ena/browser/view/SRR13187249,Beer,Amplicon,ITS,Illumina,February 2021,Description of the temporal dynamics in microbial community composition and beer chemistry in sour beer production via barrel ageing of finished beers,https://pubmed.ncbi.nlm.nih.gov/33387813/,ftp.sra.ebi.ac.uk/vol1/fastq/SRR131/049/SRR13187249/SRR13187249_1.fastq.gz,ftp.sra.ebi.ac.uk/vol1/fastq/SRR131/049/SRR13187249/SRR13187249_2.fastq.gz,Blond Beer (8.88%),Belgium,unkown,O64
SRR13187250,0.0,0.0,0.0,766.0,10.0,754.0,0.0,87.0,0.0,0.0,0.0,0.0,0.0,0.0,0.0,0.0,0.0,0.0,0.0,0.0,0.0,0.0,0.0,0.0,0.0,0.0,0.0,0.0,0.0,0.0,0.0,https://www.ebi.ac.uk/ena/browser/view/SRR13187250,Beer,Amplicon,ITS,Illumina,February 2021,Description of the temporal dynamics in microbial community composition and beer chemistry in sour beer production via barrel ageing of finished beers,https://pubmed.ncbi.nlm.nih.gov/33387813/,ftp.sra.ebi.ac.uk/vol1/fastq/SRR131/050/SRR13187250/SRR13187250_1.fastq.gz,ftp.sra.ebi.ac.uk/vol1/fastq/SRR131/050/SRR13187250/SRR13187250_2.fastq.gz,Blond Beer (8.88%),Belgium,unkown,O63
SRR13187251,501.0,14.0,0.0,0.0,4.0,0.0,4.0,0.0,0.0,0.0,0.0,0.0,25.0,0.0,0.0,0.0,0.0,0.0,0.0,0.0,0.0,0.0,0.0,0.0,0.0,0.0,0.0,0.0,0.0,0.0,0.0,https://www.ebi.ac.uk/ena/browser/view/SRR13187251,Beer,Amplicon,ITS,Illumina,February 2021,Description of the temporal dynamics in microbial community composition and beer chemistry in sour beer production via barrel ageing of finished beers,https://pubmed.ncbi.nlm.nih.gov/33387813/,ftp.sra.ebi.ac.uk/vol1/fastq/SRR131/051/SRR13187251/SRR13187251_1.fastq.gz,ftp.sra.ebi.ac.uk/vol1/fastq/SRR131/051/SRR13187251/SRR13187251_2.fastq.gz,Blond Beer (8.88%),Belgium,unkown,O62
SRR13187252,651.0,0.0,29.0,413.0,0.0,0.0,0.0,0.0,0.0,0.0,0.0,0.0,0.0,0.0,0.0,0.0,0.0,0.0,0.0,0.0,0.0,0.0,0.0,0.0,0.0,0.0,0.0,0.0,0.0,0.0,0.0,https://www.ebi.ac.uk/ena/browser/view/SRR13187252,Beer,Amplicon,ITS,Illumina,February 2021,Description of the temporal dynamics in microbial community composition and beer chemistry in sour beer production via barrel ageing of finished beers,https://pubmed.ncbi.nlm.nih.gov/33387813/,ftp.sra.ebi.ac.uk/vol1/fastq/SRR131/052/SRR13187252/SRR13187252_1.fastq.gz,ftp.sra.ebi.ac.uk/vol1/fastq/SRR131/052/SRR13187252/SRR13187252_2.fastq.gz,Blond Beer (8.88%),Belgium,unkown,O61
SRR13187253,5821.0,0.0,0.0,0.0,0.0,0.0,0.0,0.0,0.0,0.0,0.0,0.0,0.0,0.0,0.0,0.0,0.0,0.0,0.0,0.0,0.0,0.0,0.0,0.0,0.0,0.0,0.0,0.0,0.0,0.0,0.0,https://www.ebi.ac.uk/ena/browser/view/SRR13187253,Beer,Amplicon,ITS,Illumina,February 2021,Description of the temporal dynamics in microbial community composition and beer chemistry in sour beer production via barrel ageing of finished beers,https://pubmed.ncbi.nlm.nih.gov/33387813/,ftp.sra.ebi.ac.uk/vol1/fastq/SRR131/053/SRR13187253/SRR13187253_1.fastq.gz,ftp.sra.ebi.ac.uk/vol1/fastq/SRR131/053/SRR13187253/SRR13187253_2.fastq.gz,Blond Beer (8.88%),Belgium,unkown,O36
SRR13187254,8592.0,0.0,0.0,0.0,0.0,0.0,0.0,0.0,0.0,0.0,0.0,0.0,0.0,0.0,0.0,0.0,0.0,0.0,0.0,0.0,0.0,0.0,0.0,0.0,0.0,0.0,0.0,0.0,0.0,0.0,0.0,https://www.ebi.ac.uk/ena/browser/view/SRR13187254,Beer,Amplicon,ITS,Illumina,February 2021,Description of the temporal dynamics in microbial community composition and beer chemistry in sour beer production via barrel ageing of finished beers,https://pubmed.ncbi.nlm.nih.gov/33387813/,ftp.sra.ebi.ac.uk/vol1/fastq/SRR131/054/SRR13187254/SRR13187254_1.fastq.gz,ftp.sra.ebi.ac.uk/vol1/fastq/SRR131/054/SRR13187254/SRR13187254_2.fastq.gz,Blond Beer (8.88%),Belgium,unkown,O35
SRR13187255,45011.0,0.0,0.0,0.0,0.0,0.0,0.0,0.0,0.0,0.0,0.0,0.0,0.0,0.0,0.0,0.0,0.0,0.0,0.0,0.0,0.0,0.0,0.0,0.0,0.0,0.0,0.0,0.0,0.0,0.0,0.0,https://www.ebi.ac.uk/ena/browser/view/SRR13187255,Beer,Amplicon,ITS,Illumina,February 2021,Description of the temporal dynamics in microbial community composition and beer chemistry in sour beer production via barrel ageing of finished beers,https://pubmed.ncbi.nlm.nih.gov/33387813/,ftp.sra.ebi.ac.uk/vol1/fastq/SRR131/055/SRR13187255/SRR13187255_1.fastq.gz,ftp.sra.ebi.ac.uk/vol1/fastq/SRR131/055/SRR13187255/SRR13187255_2.fastq.gz,Stout Beer (9.64%),Belgium,unkown,A9
SRR13187256,0.0,0.0,0.0,0.0,0.0,0.0,0.0,0.0,0.0,0.0,0.0,0.0,0.0,0.0,0.0,0.0,0.0,0.0,0.0,0.0,0.0,0.0,0.0,0.0,0.0,0.0,0.0,0.0,0.0,0.0,0.0,https://www.ebi.ac.uk/ena/browser/view/SRR13187256,Beer,Amplicon,ITS,Illumina,February 2021,Description of the temporal dynamics in microbial community composition and beer chemistry in sour beer production via barrel ageing of finished beers,https://pubmed.ncbi.nlm.nih.gov/33387813/,ftp.sra.ebi.ac.uk/vol1/fastq/SRR131/056/SRR13187256/SRR13187256_1.fastq.gz,ftp.sra.ebi.ac.uk/vol1/fastq/SRR131/056/SRR13187256/SRR13187256_2.fastq.gz,Blond Beer (8.88%),Belgium,unkown,O34
SRR13187257,1615.0,0.0,0.0,510.0,0.0,148.0,0.0,0.0,0.0,0.0,0.0,0.0,0.0,0.0,0.0,0.0,0.0,0.0,0.0,0.0,0.0,0.0,0.0,0.0,0.0,0.0,0.0,0.0,0.0,0.0,0.0,https://www.ebi.ac.uk/ena/browser/view/SRR13187257,Beer,Amplicon,ITS,Illumina,February 2021,Description of the temporal dynamics in microbial community composition and beer chemistry in sour beer production via barrel ageing of finished beers,https://pubmed.ncbi.nlm.nih.gov/33387813/,ftp.sra.ebi.ac.uk/vol1/fastq/SRR131/057/SRR13187257/SRR13187257_1.fastq.gz,ftp.sra.ebi.ac.uk/vol1/fastq/SRR131/057/SRR13187257/SRR13187257_2.fastq.gz,Blond Beer (8.88%),Belgium,unkown,O33
SRR13187258,2925.0,180.0,0.0,332.0,9.0,0.0,0.0,0.0,0.0,0.0,0.0,0.0,0.0,0.0,0.0,0.0,0.0,0.0,0.0,0.0,0.0,0.0,0.0,0.0,0.0,0.0,0.0,0.0,0.0,0.0,0.0,https://www.ebi.ac.uk/ena/browser/view/SRR13187258,Beer,Amplicon,ITS,Illumina,February 2021,Description of the temporal dynamics in microbial community composition and beer chemistry in sour beer production via barrel ageing of finished beers,https://pubmed.ncbi.nlm.nih.gov/33387813/,ftp.sra.ebi.ac.uk/vol1/fastq/SRR131/058/SRR13187258/SRR13187258_1.fastq.gz,ftp.sra.ebi.ac.uk/vol1/fastq/SRR131/058/SRR13187258/SRR13187258_2.fastq.gz,Blond Beer (8.88%),Belgium,unkown,O32
SRR13187259,747.0,83.0,0.0,845.0,0.0,44.0,0.0,0.0,0.0,0.0,0.0,0.0,0.0,0.0,0.0,0.0,0.0,0.0,0.0,0.0,0.0,0.0,0.0,0.0,0.0,0.0,0.0,0.0,0.0,0.0,0.0,https://www.ebi.ac.uk/ena/browser/view/SRR13187259,Beer,Amplicon,ITS,Illumina,February 2021,Description of the temporal dynamics in microbial community composition and beer chemistry in sour beer production via barrel ageing of finished beers,https://pubmed.ncbi.nlm.nih.gov/33387813/,ftp.sra.ebi.ac.uk/vol1/fastq/SRR131/059/SRR13187259/SRR13187259_1.fastq.gz,ftp.sra.ebi.ac.uk/vol1/fastq/SRR131/059/SRR13187259/SRR13187259_2.fastq.gz,Blond Beer (8.88%),Belgium,unkown,O31
SRR13187260,1887.0,29.0,598.0,17.0,0.0,408.0,0.0,0.0,0.0,0.0,0.0,0.0,0.0,0.0,0.0,0.0,0.0,0.0,0.0,0.0,0.0,0.0,13.0,0.0,0.0,13.0,19.0,0.0,0.0,0.0,0.0,https://www.ebi.ac.uk/ena/browser/view/SRR13187260,Beer,Amplicon,ITS,Illumina,February 2021,Description of the temporal dynamics in microbial community composition and beer chemistry in sour beer production via barrel ageing of finished beers,https://pubmed.ncbi.nlm.nih.gov/33387813/,ftp.sra.ebi.ac.uk/vol1/fastq/SRR131/060/SRR13187260/SRR13187260_1.fastq.gz,ftp.sra.ebi.ac.uk/vol1/fastq/SRR131/060/SRR13187260/SRR13187260_2.fastq.gz,Blond Beer (8.88%),Belgium,unkown,O12
SRR13187261,8983.0,102.0,855.0,11.0,0.0,149.0,50.0,0.0,0.0,111.0,0.0,0.0,83.0,0.0,0.0,0.0,0.0,0.0,0.0,0.0,43.0,0.0,0.0,0.0,0.0,0.0,0.0,0.0,0.0,0.0,0.0,https://www.ebi.ac.uk/ena/browser/view/SRR13187261,Beer,Amplicon,ITS,Illumina,February 2021,Description of the temporal dynamics in microbial community composition and beer chemistry in sour beer production via barrel ageing of finished beers,https://pubmed.ncbi.nlm.nih.gov/33387813/,ftp.sra.ebi.ac.uk/vol1/fastq/SRR131/061/SRR13187261/SRR13187261_1.fastq.gz,ftp.sra.ebi.ac.uk/vol1/fastq/SRR131/061/SRR13187261/SRR13187261_2.fastq.gz,Blond Beer (8.88%),Belgium,unkown,O11
SRR13187262,6702.0,140.0,718.0,23.0,0.0,0.0,0.0,0.0,0.0,23.0,0.0,0.0,0.0,0.0,0.0,0.0,0.0,0.0,0.0,0.0,0.0,0.0,0.0,0.0,0.0,0.0,0.0,0.0,0.0,0.0,0.0,https://www.ebi.ac.uk/ena/browser/view/SRR13187262,Beer,Amplicon,ITS,Illumina,February 2021,Description of the temporal dynamics in microbial community composition and beer chemistry in sour beer production via barrel ageing of finished beers,https://pubmed.ncbi.nlm.nih.gov/33387813/,ftp.sra.ebi.ac.uk/vol1/fastq/SRR131/062/SRR13187262/SRR13187262_1.fastq.gz,ftp.sra.ebi.ac.uk/vol1/fastq/SRR131/062/SRR13187262/SRR13187262_2.fastq.gz,Blond Beer (8.88%),Belgium,unkown,O10
SRR13187263,5333.0,64.0,455.0,14.0,0.0,0.0,0.0,0.0,0.0,21.0,0.0,0.0,0.0,0.0,0.0,0.0,0.0,0.0,0.0,0.0,0.0,0.0,0.0,0.0,0.0,0.0,0.0,0.0,0.0,0.0,0.0,https://www.ebi.ac.uk/ena/browser/view/SRR13187263,Beer,Amplicon,ITS,Illumina,February 2021,Description of the temporal dynamics in microbial community composition and beer chemistry in sour beer production via barrel ageing of finished beers,https://pubmed.ncbi.nlm.nih.gov/33387813/,ftp.sra.ebi.ac.uk/vol1/fastq/SRR131/063/SRR13187263/SRR13187263_1.fastq.gz,ftp.sra.ebi.ac.uk/vol1/fastq/SRR131/063/SRR13187263/SRR13187263_2.fastq.gz,Blond Beer (8.88%),Belgium,unkown,O9
SRR13187264,4697.0,105.0,363.0,47.0,0.0,43.0,35.0,0.0,0.0,0.0,0.0,0.0,0.0,0.0,0.0,46.0,0.0,0.0,0.0,0.0,0.0,0.0,41.0,0.0,0.0,0.0,0.0,0.0,0.0,0.0,0.0,https://www.ebi.ac.uk/ena/browser/view/SRR13187264,Beer,Amplicon,ITS,Illumina,February 2021,Description of the temporal dynamics in microbial community composition and beer chemistry in sour beer production via barrel ageing of finished beers,https://pubmed.ncbi.nlm.nih.gov/33387813/,ftp.sra.ebi.ac.uk/vol1/fastq/SRR131/064/SRR13187264/SRR13187264_1.fastq.gz,ftp.sra.ebi.ac.uk/vol1/fastq/SRR131/064/SRR13187264/SRR13187264_2.fastq.gz,Blond Beer (8.88%),Belgium,unkown,O8
SRR13187265,2743.0,82.0,356.0,23.0,0.0,0.0,0.0,0.0,0.0,0.0,0.0,0.0,0.0,0.0,0.0,0.0,0.0,0.0,0.0,0.0,0.0,0.0,0.0,0.0,0.0,0.0,0.0,0.0,0.0,0.0,0.0,https://www.ebi.ac.uk/ena/browser/view/SRR13187265,Beer,Amplicon,ITS,Illumina,February 2021,Description of the temporal dynamics in microbial community composition and beer chemistry in sour beer production via barrel ageing of finished beers,https://pubmed.ncbi.nlm.nih.gov/33387813/,ftp.sra.ebi.ac.uk/vol1/fastq/SRR131/065/SRR13187265/SRR13187265_1.fastq.gz,ftp.sra.ebi.ac.uk/vol1/fastq/SRR131/065/SRR13187265/SRR13187265_2.fastq.gz,Blond Beer (8.88%),Belgium,unkown,O7
SRR13187266,39074.0,0.0,0.0,0.0,0.0,0.0,0.0,0.0,0.0,0.0,0.0,0.0,0.0,0.0,0.0,0.0,0.0,0.0,0.0,0.0,0.0,0.0,0.0,0.0,0.0,0.0,0.0,0.0,0.0,0.0,0.0,https://www.ebi.ac.uk/ena/browser/view/SRR13187266,Beer,Amplicon,ITS,Illumina,February 2021,Description of the temporal dynamics in microbial community composition and beer chemistry in sour beer production via barrel ageing of finished beers,https://pubmed.ncbi.nlm.nih.gov/33387813/,ftp.sra.ebi.ac.uk/vol1/fastq/SRR131/066/SRR13187266/SRR13187266_1.fastq.gz,ftp.sra.ebi.ac.uk/vol1/fastq/SRR131/066/SRR13187266/SRR13187266_2.fastq.gz,Stout Beer (9.64%),Belgium,unkown,A8
SRR13187267,18534.0,0.0,17.0,0.0,0.0,0.0,0.0,0.0,0.0,0.0,0.0,0.0,0.0,0.0,0.0,0.0,0.0,0.0,0.0,0.0,0.0,0.0,0.0,0.0,0.0,0.0,0.0,0.0,0.0,0.0,0.0,https://www.ebi.ac.uk/ena/browser/view/SRR13187267,Beer,Amplicon,ITS,Illumina,February 2021,Description of the temporal dynamics in microbial community composition and beer chemistry in sour beer production via barrel ageing of finished beers,https://pubmed.ncbi.nlm.nih.gov/33387813/,ftp.sra.ebi.ac.uk/vol1/fastq/SRR131/067/SRR13187267/SRR13187267_1.fastq.gz,ftp.sra.ebi.ac.uk/vol1/fastq/SRR131/067/SRR13187267/SRR13187267_2.fastq.gz,Blond Beer (8.88%),Belgium,unkown,O0
SRR13187268,1367.0,0.0,0.0,0.0,0.0,0.0,0.0,0.0,0.0,0.0,0.0,0.0,0.0,0.0,0.0,0.0,0.0,0.0,0.0,0.0,0.0,0.0,0.0,0.0,0.0,0.0,0.0,0.0,0.0,0.0,0.0,https://www.ebi.ac.uk/ena/browser/view/SRR13187268,Beer,Amplicon,ITS,Illumina,February 2021,Description of the temporal dynamics in microbial community composition and beer chemistry in sour beer production via barrel ageing of finished beers,https://pubmed.ncbi.nlm.nih.gov/33387813/,ftp.sra.ebi.ac.uk/vol1/fastq/SRR131/068/SRR13187268/SRR13187268_1.fastq.gz,ftp.sra.ebi.ac.uk/vol1/fastq/SRR131/068/SRR13187268/SRR13187268_2.fastq.gz,Stout Beer (9.64%),Belgium,unkown,A66
SRR13187269,1387.0,0.0,0.0,0.0,0.0,0.0,0.0,0.0,0.0,0.0,0.0,0.0,0.0,0.0,0.0,0.0,0.0,0.0,0.0,0.0,0.0,0.0,0.0,0.0,0.0,0.0,0.0,0.0,0.0,0.0,0.0,https://www.ebi.ac.uk/ena/browser/view/SRR13187269,Beer,Amplicon,ITS,Illumina,February 2021,Description of the temporal dynamics in microbial community composition and beer chemistry in sour beer production via barrel ageing of finished beers,https://pubmed.ncbi.nlm.nih.gov/33387813/,ftp.sra.ebi.ac.uk/vol1/fastq/SRR131/069/SRR13187269/SRR13187269_1.fastq.gz,ftp.sra.ebi.ac.uk/vol1/fastq/SRR131/069/SRR13187269/SRR13187269_2.fastq.gz,Stout Beer (9.64%),Belgium,unkown,A65
SRR13187270,1294.0,0.0,0.0,0.0,0.0,0.0,0.0,0.0,0.0,0.0,0.0,0.0,0.0,0.0,0.0,0.0,0.0,0.0,0.0,0.0,0.0,0.0,0.0,0.0,0.0,0.0,0.0,0.0,0.0,0.0,0.0,https://www.ebi.ac.uk/ena/browser/view/SRR13187270,Beer,Amplicon,ITS,Illumina,February 2021,Description of the temporal dynamics in microbial community composition and beer chemistry in sour beer production via barrel ageing of finished beers,https://pubmed.ncbi.nlm.nih.gov/33387813/,ftp.sra.ebi.ac.uk/vol1/fastq/SRR131/070/SRR13187270/SRR13187270_1.fastq.gz,ftp.sra.ebi.ac.uk/vol1/fastq/SRR131/070/SRR13187270/SRR13187270_2.fastq.gz,Stout Beer (9.64%),Belgium,unkown,A64
SRR13187271,1697.0,25.0,0.0,0.0,0.0,0.0,0.0,0.0,0.0,0.0,0.0,0.0,15.0,0.0,0.0,0.0,0.0,0.0,0.0,0.0,0.0,0.0,0.0,0.0,0.0,0.0,0.0,0.0,0.0,0.0,0.0,https://www.ebi.ac.uk/ena/browser/view/SRR13187271,Beer,Amplicon,ITS,Illumina,February 2021,Description of the temporal dynamics in microbial community composition and beer chemistry in sour beer production via barrel ageing of finished beers,https://pubmed.ncbi.nlm.nih.gov/33387813/,ftp.sra.ebi.ac.uk/vol1/fastq/SRR131/071/SRR13187271/SRR13187271_1.fastq.gz,ftp.sra.ebi.ac.uk/vol1/fastq/SRR131/071/SRR13187271/SRR13187271_2.fastq.gz,Stout Beer (9.64%),Belgium,unkown,A63
SRR13187272,2029.0,0.0,0.0,0.0,0.0,0.0,0.0,0.0,0.0,0.0,0.0,0.0,0.0,0.0,0.0,0.0,0.0,0.0,0.0,0.0,0.0,0.0,0.0,0.0,0.0,0.0,0.0,0.0,0.0,0.0,0.0,https://www.ebi.ac.uk/ena/browser/view/SRR13187272,Beer,Amplicon,ITS,Illumina,February 2021,Description of the temporal dynamics in microbial community composition and beer chemistry in sour beer production via barrel ageing of finished beers,https://pubmed.ncbi.nlm.nih.gov/33387813/,ftp.sra.ebi.ac.uk/vol1/fastq/SRR131/072/SRR13187272/SRR13187272_1.fastq.gz,ftp.sra.ebi.ac.uk/vol1/fastq/SRR131/072/SRR13187272/SRR13187272_2.fastq.gz,Stout Beer (9.64%),Belgium,unkown,A62
SRR13187273,909.0,0.0,0.0,0.0,0.0,0.0,0.0,0.0,0.0,0.0,0.0,0.0,0.0,0.0,0.0,0.0,0.0,0.0,0.0,0.0,0.0,0.0,0.0,0.0,0.0,0.0,0.0,0.0,0.0,0.0,0.0,https://www.ebi.ac.uk/ena/browser/view/SRR13187273,Beer,Amplicon,ITS,Illumina,February 2021,Description of the temporal dynamics in microbial community composition and beer chemistry in sour beer production via barrel ageing of finished beers,https://pubmed.ncbi.nlm.nih.gov/33387813/,ftp.sra.ebi.ac.uk/vol1/fastq/SRR131/073/SRR13187273/SRR13187273_1.fastq.gz,ftp.sra.ebi.ac.uk/vol1/fastq/SRR131/073/SRR13187273/SRR13187273_2.fastq.gz,Stout Beer (9.64%),Belgium,unkown,A61
SRR13187274,10918.0,14.0,0.0,0.0,0.0,0.0,0.0,0.0,0.0,0.0,0.0,0.0,0.0,0.0,0.0,0.0,0.0,0.0,0.0,0.0,0.0,0.0,0.0,0.0,0.0,0.0,0.0,0.0,0.0,0.0,0.0,https://www.ebi.ac.uk/ena/browser/view/SRR13187274,Beer,Amplicon,ITS,Illumina,February 2021,Description of the temporal dynamics in microbial community composition and beer chemistry in sour beer production via barrel ageing of finished beers,https://pubmed.ncbi.nlm.nih.gov/33387813/,ftp.sra.ebi.ac.uk/vol1/fastq/SRR131/074/SRR13187274/SRR13187274_1.fastq.gz,ftp.sra.ebi.ac.uk/vol1/fastq/SRR131/074/SRR13187274/SRR13187274_2.fastq.gz,Stout Beer (9.64%),Belgium,unkown,A36
SRR13187275,6798.0,0.0,0.0,0.0,0.0,0.0,0.0,0.0,0.0,0.0,0.0,0.0,0.0,0.0,0.0,0.0,0.0,0.0,0.0,0.0,0.0,0.0,0.0,0.0,0.0,0.0,0.0,0.0,0.0,0.0,0.0,https://www.ebi.ac.uk/ena/browser/view/SRR13187275,Beer,Amplicon,ITS,Illumina,February 2021,Description of the temporal dynamics in microbial community composition and beer chemistry in sour beer production via barrel ageing of finished beers,https://pubmed.ncbi.nlm.nih.gov/33387813/,ftp.sra.ebi.ac.uk/vol1/fastq/SRR131/075/SRR13187275/SRR13187275_1.fastq.gz,ftp.sra.ebi.ac.uk/vol1/fastq/SRR131/075/SRR13187275/SRR13187275_2.fastq.gz,Stout Beer (9.64%),Belgium,unkown,A35
SRR13187276,13833.0,0.0,0.0,0.0,0.0,0.0,0.0,0.0,0.0,0.0,0.0,0.0,0.0,0.0,0.0,0.0,0.0,0.0,0.0,0.0,0.0,0.0,0.0,0.0,0.0,0.0,0.0,0.0,0.0,0.0,0.0,https://www.ebi.ac.uk/ena/browser/view/SRR13187276,Beer,Amplicon,ITS,Illumina,February 2021,Description of the temporal dynamics in microbial community composition and beer chemistry in sour beer production via barrel ageing of finished beers,https://pubmed.ncbi.nlm.nih.gov/33387813/,ftp.sra.ebi.ac.uk/vol1/fastq/SRR131/076/SRR13187276/SRR13187276_1.fastq.gz,ftp.sra.ebi.ac.uk/vol1/fastq/SRR131/076/SRR13187276/SRR13187276_2.fastq.gz,Stout Beer (9.64%),Belgium,unkown,A34
SRR13187277,54901.0,0.0,0.0,0.0,0.0,0.0,0.0,0.0,0.0,0.0,0.0,0.0,0.0,0.0,0.0,0.0,0.0,0.0,0.0,0.0,0.0,0.0,0.0,0.0,0.0,0.0,0.0,0.0,0.0,0.0,0.0,https://www.ebi.ac.uk/ena/browser/view/SRR13187277,Beer,Amplicon,ITS,Illumina,February 2021,Description of the temporal dynamics in microbial community composition and beer chemistry in sour beer production via barrel ageing of finished beers,https://pubmed.ncbi.nlm.nih.gov/33387813/,ftp.sra.ebi.ac.uk/vol1/fastq/SRR131/077/SRR13187277/SRR13187277_1.fastq.gz,ftp.sra.ebi.ac.uk/vol1/fastq/SRR131/077/SRR13187277/SRR13187277_2.fastq.gz,Stout Beer (9.64%),Belgium,unkown,A7
SRR13187278,36661.0,0.0,0.0,0.0,0.0,0.0,0.0,0.0,0.0,0.0,0.0,0.0,0.0,0.0,0.0,0.0,0.0,0.0,0.0,0.0,0.0,0.0,0.0,0.0,0.0,0.0,0.0,0.0,0.0,0.0,0.0,https://www.ebi.ac.uk/ena/browser/view/SRR13187278,Beer,Amplicon,ITS,Illumina,February 2021,Description of the temporal dynamics in microbial community composition and beer chemistry in sour beer production via barrel ageing of finished beers,https://pubmed.ncbi.nlm.nih.gov/33387813/,ftp.sra.ebi.ac.uk/vol1/fastq/SRR131/078/SRR13187278/SRR13187278_1.fastq.gz,ftp.sra.ebi.ac.uk/vol1/fastq/SRR131/078/SRR13187278/SRR13187278_2.fastq.gz,Stout Beer (9.64%),Belgium,unkown,A0
